message,error_bit,codeword,received,decoded,pass
0000000,-1,00000000000000,00000000000000,0000000,1
0000000,0,00000000000000,00000000000001,0000000,1
0000000,1,00000000000000,00000000000010,0000000,1
0000000,2,00000000000000,00000000000100,0000000,1
0000000,3,00000000000000,00000000001000,0000000,1
0000000,4,00000000000000,00000000010000,0000000,1
0000000,5,00000000000000,00000000100000,0000000,1
0000000,6,00000000000000,00000001000000,0000000,1
0000000,7,00000000000000,00000010000000,0000000,1
0000000,8,00000000000000,00000100000000,0000000,1
0000000,9,00000000000000,00001000000000,0000000,1
0000000,10,00000000000000,00010000000000,0000000,1
0000000,11,00000000000000,00100000000000,0000000,1
0000000,12,00000000000000,01000000000000,0000000,1
0000000,13,00000000000000,10000000000000,0000000,1
0000001,-1,00000000000011,00000000000011,0000001,1
0000001,0,00000000000011,00000000000010,0000000,0
0000001,1,00000000000011,00000000000001,0000000,0
0000001,2,00000000000011,00000000000111,0000010,0
0000001,3,00000000000011,00000000001011,0000010,0
0000001,4,00000000000011,00000000010011,0000001,1
0000001,5,00000000000011,00000000100011,0000001,1
0000001,6,00000000000011,00000001000011,0000001,1
0000001,7,00000000000011,00000010000011,0000001,1
0000001,8,00000000000011,00000100000011,0000001,1
0000001,9,00000000000011,00001000000011,0000001,1
0000001,10,00000000000011,00010000000011,0000001,1
0000001,11,00000000000011,00100000000011,0000001,1
0000001,12,00000000000011,01000000000011,0000001,1
0000001,13,00000000000011,10000000000011,0000001,1
0000010,-1,00000000001111,00000000001111,0000010,1
0000010,0,00000000001111,00000000001110,0000010,1
0000010,1,00000000001111,00000000001101,0000010,1
0000010,2,00000000001111,00000000001011,0000010,1
0000010,3,00000000001111,00000000000111,0000010,1
0000010,4,00000000001111,00000000011111,0000010,1
0000010,5,00000000001111,00000000101111,0000010,1
0000010,6,00000000001111,00000001001111,0000010,1
0000010,7,00000000001111,00000010001111,0000010,1
0000010,8,00000000001111,00000100001111,0000010,1
0000010,9,00000000001111,00001000001111,0000010,1
0000010,10,00000000001111,00010000001111,0000010,1
0000010,11,00000000001111,00100000001111,0000010,1
0000010,12,00000000001111,01000000001111,0000010,1
0000010,13,00000000001111,10000000001111,0000010,1
0000011,-1,00000000001100,00000000001100,0000011,1
0000011,0,00000000001100,00000000001101,0000010,0
0000011,1,00000000001100,00000000001110,0000010,0
0000011,2,00000000001100,00000000001000,0000000,0
0000011,3,00000000001100,00000000000100,0000000,0
0000011,4,00000000001100,00000000011100,0000011,1
0000011,5,00000000001100,00000000101100,0000011,1
0000011,6,00000000001100,00000001001100,0000011,1
0000011,7,00000000001100,00000010001100,0000011,1
0000011,8,00000000001100,00000100001100,0000011,1
0000011,9,00000000001100,00001000001100,0000011,1
0000011,10,00000000001100,00010000001100,0000011,1
0000011,11,00000000001100,00100000001100,0000011,1
0000011,12,00000000001100,01000000001100,0000011,1
0000011,13,00000000001100,10000000001100,0000011,1
0000100,-1,00000000111110,00000000111110,0000100,1
0000100,0,00000000111110,00000000111111,0000100,1
0000100,1,00000000111110,00000000111100,0000100,1
0000100,2,00000000111110,00000000111010,0000100,1
0000100,3,00000000111110,00000000110110,0000100,1
0000100,4,00000000111110,00000000101110,0000100,1
0000100,5,00000000111110,00000000011110,0000100,1
0000100,6,00000000111110,00000001111110,0000100,1
0000100,7,00000000111110,00000010111110,0000100,1
0000100,8,00000000111110,00000100111110,0000100,1
0000100,9,00000000111110,00001000111110,0000100,1
0000100,10,00000000111110,00010000111110,0000100,1
0000100,11,00000000111110,00100000111110,0000100,1
0000100,12,00000000111110,01000000111110,0000100,1
0000100,13,00000000111110,10000000111110,0000100,1
0000101,-1,00000000111101,00000000111101,0000101,1
0000101,0,00000000111101,00000000111100,0000100,0
0000101,1,00000000111101,00000000111111,0000100,0
0000101,2,00000000111101,00000000111001,0000110,0
0000101,3,00000000111101,00000000110101,0000110,0
0000101,4,00000000111101,00000000101101,0000101,1
0000101,5,00000000111101,00000000011101,0000101,1
0000101,6,00000000111101,00000001111101,0000101,1
0000101,7,00000000111101,00000010111101,0000101,1
0000101,8,00000000111101,00000100111101,0000101,1
0000101,9,00000000111101,00001000111101,0000101,1
0000101,10,00000000111101,00010000111101,0000101,1
0000101,11,00000000111101,00100000111101,0000101,1
0000101,12,00000000111101,01000000111101,0000101,1
0000101,13,00000000111101,10000000111101,0000101,1
0000110,-1,00000000110001,00000000110001,0000110,1
0000110,0,00000000110001,00000000110000,0000110,1
0000110,1,00000000110001,00000000110011,0000110,1
0000110,2,00000000110001,00000000110101,0000110,1
0000110,3,00000000110001,00000000111001,0000110,1
0000110,4,00000000110001,00000000100001,0000110,1
0000110,5,00000000110001,00000000010001,0000110,1
0000110,6,00000000110001,00000001110001,0000110,1
0000110,7,00000000110001,00000010110001,0000110,1
0000110,8,00000000110001,00000100110001,0000110,1
0000110,9,00000000110001,00001000110001,0000110,1
0000110,10,00000000110001,00010000110001,0000110,1
0000110,11,00000000110001,00100000110001,0000110,1
0000110,12,00000000110001,01000000110001,0000110,1
0000110,13,00000000110001,10000000110001,0000110,1
0000111,-1,00000000110010,00000000110010,0000111,1
0000111,0,00000000110010,00000000110011,0000110,0
0000111,1,00000000110010,00000000110000,0000110,0
0000111,2,00000000110010,00000000110110,0000100,0
0000111,3,00000000110010,00000000111010,0000100,0
0000111,4,00000000110010,00000000100010,0000111,1
0000111,5,00000000110010,00000000010010,0000111,1
0000111,6,00000000110010,00000001110010,0000111,1
0000111,7,00000000110010,00000010110010,0000111,1
0000111,8,00000000110010,00000100110010,0000111,1
0000111,9,00000000110010,00001000110010,0000111,1
0000111,10,00000000110010,00010000110010,0000111,1
0000111,11,00000000110010,00100000110010,0000111,1
0000111,12,00000000110010,01000000110010,0000111,1
0000111,13,00000000110010,10000000110010,0000111,1
0001000,-1,00000011111011,00000011111011,0001000,1
0001000,0,00000011111011,00000011111010,0001000,1
0001000,1,00000011111011,00000011111001,0001000,1
0001000,2,00000011111011,00000011111111,0001000,1
0001000,3,00000011111011,00000011110011,0001000,1
0001000,4,00000011111011,00000011101011,0001000,1
0001000,5,00000011111011,00000011011011,0001000,1
0001000,6,00000011111011,00000010111011,0001000,1
0001000,7,00000011111011,00000001111011,0001000,1
0001000,8,00000011111011,00000111111011,0001000,1
0001000,9,00000011111011,00001011111011,0001000,1
0001000,10,00000011111011,00010011111011,0001000,1
0001000,11,00000011111011,00100011111011,0001000,1
0001000,12,00000011111011,01000011111011,0001000,1
0001000,13,00000011111011,10000011111011,0001000,1
0001001,-1,00000011111000,00000011111000,0001001,1
0001001,0,00000011111000,00000011111001,0001000,0
0001001,1,00000011111000,00000011111010,0001000,0
0001001,2,00000011111000,00000011111100,0001010,0
0001001,3,00000011111000,00000011110000,0001010,0
0001001,4,00000011111000,00000011101000,0001001,1
0001001,5,00000011111000,00000011011000,0001001,1
0001001,6,00000011111000,00000010111000,0001001,1
0001001,7,00000011111000,00000001111000,0001001,1
0001001,8,00000011111000,00000111111000,0001001,1
0001001,9,00000011111000,00001011111000,0001001,1
0001001,10,00000011111000,00010011111000,0001001,1
0001001,11,00000011111000,00100011111000,0001001,1
0001001,12,00000011111000,01000011111000,0001001,1
0001001,13,00000011111000,10000011111000,0001001,1
0001010,-1,00000011110100,00000011110100,0001010,1
0001010,0,00000011110100,00000011110101,0001010,1
0001010,1,00000011110100,00000011110110,0001010,1
0001010,2,00000011110100,00000011110000,0001010,1
0001010,3,00000011110100,00000011111100,0001010,1
0001010,4,00000011110100,00000011100100,0001010,1
0001010,5,00000011110100,00000011010100,0001010,1
0001010,6,00000011110100,00000010110100,0001010,1
0001010,7,00000011110100,00000001110100,0001010,1
0001010,8,00000011110100,00000111110100,0001010,1
0001010,9,00000011110100,00001011110100,0001010,1
0001010,10,00000011110100,00010011110100,0001010,1
0001010,11,00000011110100,00100011110100,0001010,1
0001010,12,00000011110100,01000011110100,0001010,1
0001010,13,00000011110100,10000011110100,0001010,1
0001011,-1,00000011110111,00000011110111,0001011,1
0001011,0,00000011110111,00000011110110,0001010,0
0001011,1,00000011110111,00000011110101,0001010,0
0001011,2,00000011110111,00000011110011,0001000,0
0001011,3,00000011110111,00000011111111,0001000,0
0001011,4,00000011110111,00000011100111,0001011,1
0001011,5,00000011110111,00000011010111,0001011,1
0001011,6,00000011110111,00000010110111,0001011,1
0001011,7,00000011110111,00000001110111,0001011,1
0001011,8,00000011110111,00000111110111,0001011,1
0001011,9,00000011110111,00001011110111,0001011,1
0001011,10,00000011110111,00010011110111,0001011,1
0001011,11,00000011110111,00100011110111,0001011,1
0001011,12,00000011110111,01000011110111,0001011,1
0001011,13,00000011110111,10000011110111,0001011,1
0001100,-1,00000011000101,00000011000101,0001100,1
0001100,0,00000011000101,00000011000100,0001100,1
0001100,1,00000011000101,00000011000111,0001100,1
0001100,2,00000011000101,00000011000001,0001100,1
0001100,3,00000011000101,00000011001101,0001100,1
0001100,4,00000011000101,00000011010101,0001100,1
0001100,5,00000011000101,00000011100101,0001100,1
0001100,6,00000011000101,00000010000101,0001100,1
0001100,7,00000011000101,00000001000101,0001100,1
0001100,8,00000011000101,00000111000101,0001100,1
0001100,9,00000011000101,00001011000101,0001100,1
0001100,10,00000011000101,00010011000101,0001100,1
0001100,11,00000011000101,00100011000101,0001100,1
0001100,12,00000011000101,01000011000101,0001100,1
0001100,13,00000011000101,10000011000101,0001100,1
0001101,-1,00000011000110,00000011000110,0001101,1
0001101,0,00000011000110,00000011000111,0001100,0
0001101,1,00000011000110,00000011000100,0001100,0
0001101,2,00000011000110,00000011000010,0001110,0
0001101,3,00000011000110,00000011001110,0001110,0
0001101,4,00000011000110,00000011010110,0001101,1
0001101,5,00000011000110,00000011100110,0001101,1
0001101,6,00000011000110,00000010000110,0001101,1
0001101,7,00000011000110,00000001000110,0001101,1
0001101,8,00000011000110,00000111000110,0001101,1
0001101,9,00000011000110,00001011000110,0001101,1
0001101,10,00000011000110,00010011000110,0001101,1
0001101,11,00000011000110,00100011000110,0001101,1
0001101,12,00000011000110,01000011000110,0001101,1
0001101,13,00000011000110,10000011000110,0001101,1
0001110,-1,00000011001010,00000011001010,0001110,1
0001110,0,00000011001010,00000011001011,0001110,1
0001110,1,00000011001010,00000011001000,0001110,1
0001110,2,00000011001010,00000011001110,0001110,1
0001110,3,00000011001010,00000011000010,0001110,1
0001110,4,00000011001010,00000011011010,0001110,1
0001110,5,00000011001010,00000011101010,0001110,1
0001110,6,00000011001010,00000010001010,0001110,1
0001110,7,00000011001010,00000001001010,0001110,1
0001110,8,00000011001010,00000111001010,0001110,1
0001110,9,00000011001010,00001011001010,0001110,1
0001110,10,00000011001010,00010011001010,0001110,1
0001110,11,00000011001010,00100011001010,0001110,1
0001110,12,00000011001010,01000011001010,0001110,1
0001110,13,00000011001010,10000011001010,0001110,1
0001111,-1,00000011001001,00000011001001,0001111,1
0001111,0,00000011001001,00000011001000,0001110,0
0001111,1,00000011001001,00000011001011,0001110,0
0001111,2,00000011001001,00000011001101,0001100,0
0001111,3,00000011001001,00000011000001,0001100,0
0001111,4,00000011001001,00000011011001,0001111,1
0001111,5,00000011001001,00000011101001,0001111,1
0001111,6,00000011001001,00000010001001,0001111,1
0001111,7,00000011001001,00000001001001,0001111,1
0001111,8,00000011001001,00000111001001,0001111,1
0001111,9,00000011001001,00001011001001,0001111,1
0001111,10,00000011001001,00010011001001,0001111,1
0001111,11,00000011001001,00100011001001,0001111,1
0001111,12,00000011001001,01000011001001,0001111,1
0001111,13,00000011001001,10000011001001,0001111,1
0010000,-1,00001111101100,00001111101100,0010000,1
0010000,0,00001111101100,00001111101101,0010000,1
0010000,1,00001111101100,00001111101110,0010000,1
0010000,2,00001111101100,00001111101000,0010000,1
0010000,3,00001111101100,00001111100100,0010000,1
0010000,4,00001111101100,00001111111100,0010000,1
0010000,5,00001111101100,00001111001100,0010000,1
0010000,6,00001111101100,00001110101100,0010000,1
0010000,7,00001111101100,00001101101100,0010000,1
0010000,8,00001111101100,00001011101100,0010000,1
0010000,9,00001111101100,00000111101100,0010000,1
0010000,10,00001111101100,00011111101100,0010000,1
0010000,11,00001111101100,00101111101100,0010000,1
0010000,12,00001111101100,01001111101100,0010000,1
0010000,13,00001111101100,10001111101100,0010000,1
0010001,-1,00001111101111,00001111101111,0010001,1
0010001,0,00001111101111,00001111101110,0010000,0
0010001,1,00001111101111,00001111101101,0010000,0
0010001,2,00001111101111,00001111101011,0010010,0
0010001,3,00001111101111,00001111100111,0010010,0
0010001,4,00001111101111,00001111111111,0010001,1
0010001,5,00001111101111,00001111001111,0010001,1
0010001,6,00001111101111,00001110101111,0010001,1
0010001,7,00001111101111,00001101101111,0010001,1
0010001,8,00001111101111,00001011101111,0010001,1
0010001,9,00001111101111,00000111101111,0010001,1
0010001,10,00001111101111,00011111101111,0010001,1
0010001,11,00001111101111,00101111101111,0010001,1
0010001,12,00001111101111,01001111101111,0010001,1
0010001,13,00001111101111,10001111101111,0010001,1
0010010,-1,00001111100011,00001111100011,0010010,1
0010010,0,00001111100011,00001111100010,0010010,1
0010010,1,00001111100011,00001111100001,0010010,1
0010010,2,00001111100011,00001111100111,0010010,1
0010010,3,00001111100011,00001111101011,0010010,1
0010010,4,00001111100011,00001111110011,0010010,1
0010010,5,00001111100011,00001111000011,0010010,1
0010010,6,00001111100011,00001110100011,0010010,1
0010010,7,00001111100011,00001101100011,0010010,1
0010010,8,00001111100011,00001011100011,0010010,1
0010010,9,00001111100011,00000111100011,0010010,1
0010010,10,00001111100011,00011111100011,0010010,1
0010010,11,00001111100011,00101111100011,0010010,1
0010010,12,00001111100011,01001111100011,0010010,1
0010010,13,00001111100011,10001111100011,0010010,1
0010011,-1,00001111100000,00001111100000,0010011,1
0010011,0,00001111100000,00001111100001,0010010,0
0010011,1,00001111100000,00001111100010,0010010,0
0010011,2,00001111100000,00001111100100,0010000,0
0010011,3,00001111100000,00001111101000,0010000,0
0010011,4,00001111100000,00001111110000,0010011,1
0010011,5,00001111100000,00001111000000,0010011,1
0010011,6,00001111100000,00001110100000,0010011,1
0010011,7,00001111100000,00001101100000,0010011,1
0010011,8,00001111100000,00001011100000,0010011,1
0010011,9,00001111100000,00000111100000,0010011,1
0010011,10,00001111100000,00011111100000,0010011,1
0010011,11,00001111100000,00101111100000,0010011,1
0010011,12,00001111100000,01001111100000,0010011,1
0010011,13,00001111100000,10001111100000,0010011,1
0010100,-1,00001111010010,00001111010010,0010100,1
0010100,0,00001111010010,00001111010011,0010100,1
0010100,1,00001111010010,00001111010000,0010100,1
0010100,2,00001111010010,00001111010110,0010100,1
0010100,3,00001111010010,00001111011010,0010100,1
0010100,4,00001111010010,00001111000010,0010100,1
0010100,5,00001111010010,00001111110010,0010100,1
0010100,6,00001111010010,00001110010010,0010100,1
0010100,7,00001111010010,00001101010010,0010100,1
0010100,8,00001111010010,00001011010010,0010100,1
0010100,9,00001111010010,00000111010010,0010100,1
0010100,10,00001111010010,00011111010010,0010100,1
0010100,11,00001111010010,00101111010010,0010100,1
0010100,12,00001111010010,01001111010010,0010100,1
0010100,13,00001111010010,10001111010010,0010100,1
0010101,-1,00001111010001,00001111010001,0010101,1
0010101,0,00001111010001,00001111010000,0010100,0
0010101,1,00001111010001,00001111010011,0010100,0
0010101,2,00001111010001,00001111010101,0010110,0
0010101,3,00001111010001,00001111011001,0010110,0
0010101,4,00001111010001,00001111000001,0010101,1
0010101,5,00001111010001,00001111110001,0010101,1
0010101,6,00001111010001,00001110010001,0010101,1
0010101,7,00001111010001,00001101010001,0010101,1
0010101,8,00001111010001,00001011010001,0010101,1
0010101,9,00001111010001,00000111010001,0010101,1
0010101,10,00001111010001,00011111010001,0010101,1
0010101,11,00001111010001,00101111010001,0010101,1
0010101,12,00001111010001,01001111010001,0010101,1
0010101,13,00001111010001,10001111010001,0010101,1
0010110,-1,00001111011101,00001111011101,0010110,1
0010110,0,00001111011101,00001111011100,0010110,1
0010110,1,00001111011101,00001111011111,0010110,1
0010110,2,00001111011101,00001111011001,0010110,1
0010110,3,00001111011101,00001111010101,0010110,1
0010110,4,00001111011101,00001111001101,0010110,1
0010110,5,00001111011101,00001111111101,0010110,1
0010110,6,00001111011101,00001110011101,0010110,1
0010110,7,00001111011101,00001101011101,0010110,1
0010110,8,00001111011101,00001011011101,0010110,1
0010110,9,00001111011101,00000111011101,0010110,1
0010110,10,00001111011101,00011111011101,0010110,1
0010110,11,00001111011101,00101111011101,0010110,1
0010110,12,00001111011101,01001111011101,0010110,1
0010110,13,00001111011101,10001111011101,0010110,1
0010111,-1,00001111011110,00001111011110,0010111,1
0010111,0,00001111011110,00001111011111,0010110,0
0010111,1,00001111011110,00001111011100,0010110,0
0010111,2,00001111011110,00001111011010,0010100,0
0010111,3,00001111011110,00001111010110,0010100,0
0010111,4,00001111011110,00001111001110,0010111,1
0010111,5,00001111011110,00001111111110,0010111,1
0010111,6,00001111011110,00001110011110,0010111,1
0010111,7,00001111011110,00001101011110,0010111,1
0010111,8,00001111011110,00001011011110,0010111,1
0010111,9,00001111011110,00000111011110,0010111,1
0010111,10,00001111011110,00011111011110,0010111,1
0010111,11,00001111011110,00101111011110,0010111,1
0010111,12,00001111011110,01001111011110,0010111,1
0010111,13,00001111011110,10001111011110,0010111,1
0011000,-1,00001100010111,00001100010111,0011000,1
0011000,0,00001100010111,00001100010110,0011000,1
0011000,1,00001100010111,00001100010101,0011000,1
0011000,2,00001100010111,00001100010011,0011000,1
0011000,3,00001100010111,00001100011111,0011000,1
0011000,4,00001100010111,00001100000111,0011000,1
0011000,5,00001100010111,00001100110111,0011000,1
0011000,6,00001100010111,00001101010111,0011000,1
0011000,7,00001100010111,00001110010111,0011000,1
0011000,8,00001100010111,00001000010111,0011000,1
0011000,9,00001100010111,00000100010111,0011000,1
0011000,10,00001100010111,00011100010111,0011000,1
0011000,11,00001100010111,00101100010111,0011000,1
0011000,12,00001100010111,01001100010111,0011000,1
0011000,13,00001100010111,10001100010111,0011000,1
0011001,-1,00001100010100,00001100010100,0011001,1
0011001,0,00001100010100,00001100010101,0011000,0
0011001,1,00001100010100,00001100010110,0011000,0
0011001,2,00001100010100,00001100010000,0011010,0
0011001,3,00001100010100,00001100011100,0011010,0
0011001,4,00001100010100,00001100000100,0011001,1
0011001,5,00001100010100,00001100110100,0011001,1
0011001,6,00001100010100,00001101010100,0011001,1
0011001,7,00001100010100,00001110010100,0011001,1
0011001,8,00001100010100,00001000010100,0011001,1
0011001,9,00001100010100,00000100010100,0011001,1
0011001,10,00001100010100,00011100010100,0011001,1
0011001,11,00001100010100,00101100010100,0011001,1
0011001,12,00001100010100,01001100010100,0011001,1
0011001,13,00001100010100,10001100010100,0011001,1
0011010,-1,00001100011000,00001100011000,0011010,1
0011010,0,00001100011000,00001100011001,0011010,1
0011010,1,00001100011000,00001100011010,0011010,1
0011010,2,00001100011000,00001100011100,0011010,1
0011010,3,00001100011000,00001100010000,0011010,1
0011010,4,00001100011000,00001100001000,0011010,1
0011010,5,00001100011000,00001100111000,0011010,1
0011010,6,00001100011000,00001101011000,0011010,1
0011010,7,00001100011000,00001110011000,0011010,1
0011010,8,00001100011000,00001000011000,0011010,1
0011010,9,00001100011000,00000100011000,0011010,1
0011010,10,00001100011000,00011100011000,0011010,1
0011010,11,00001100011000,00101100011000,0011010,1
0011010,12,00001100011000,01001100011000,0011010,1
0011010,13,00001100011000,10001100011000,0011010,1
0011011,-1,00001100011011,00001100011011,0011011,1
0011011,0,00001100011011,00001100011010,0011010,0
0011011,1,00001100011011,00001100011001,0011010,0
0011011,2,00001100011011,00001100011111,0011000,0
0011011,3,00001100011011,00001100010011,0011000,0
0011011,4,00001100011011,00001100001011,0011011,1
0011011,5,00001100011011,00001100111011,0011011,1
0011011,6,00001100011011,00001101011011,0011011,1
0011011,7,00001100011011,00001110011011,0011011,1
0011011,8,00001100011011,00001000011011,0011011,1
0011011,9,00001100011011,00000100011011,0011011,1
0011011,10,00001100011011,00011100011011,0011011,1
0011011,11,00001100011011,00101100011011,0011011,1
0011011,12,00001100011011,01001100011011,0011011,1
0011011,13,00001100011011,10001100011011,0011011,1
0011100,-1,00001100101001,00001100101001,0011100,1
0011100,0,00001100101001,00001100101000,0011100,1
0011100,1,00001100101001,00001100101011,0011100,1
0011100,2,00001100101001,00001100101101,0011100,1
0011100,3,00001100101001,00001100100001,0011100,1
0011100,4,00001100101001,00001100111001,0011100,1
0011100,5,00001100101001,00001100001001,0011100,1
0011100,6,00001100101001,00001101101001,0011100,1
0011100,7,00001100101001,00001110101001,0011100,1
0011100,8,00001100101001,00001000101001,0011100,1
0011100,9,00001100101001,00000100101001,0011100,1
0011100,10,00001100101001,00011100101001,0011100,1
0011100,11,00001100101001,00101100101001,0011100,1
0011100,12,00001100101001,01001100101001,0011100,1
0011100,13,00001100101001,10001100101001,0011100,1
0011101,-1,00001100101010,00001100101010,0011101,1
0011101,0,00001100101010,00001100101011,0011100,0
0011101,1,00001100101010,00001100101000,0011100,0
0011101,2,00001100101010,00001100101110,0011110,0
0011101,3,00001100101010,00001100100010,0011110,0
0011101,4,00001100101010,00001100111010,0011101,1
0011101,5,00001100101010,00001100001010,0011101,1
0011101,6,00001100101010,00001101101010,0011101,1
0011101,7,00001100101010,00001110101010,0011101,1
0011101,8,00001100101010,00001000101010,0011101,1
0011101,9,00001100101010,00000100101010,0011101,1
0011101,10,00001100101010,00011100101010,0011101,1
0011101,11,00001100101010,00101100101010,0011101,1
0011101,12,00001100101010,01001100101010,0011101,1
0011101,13,00001100101010,10001100101010,0011101,1
0011110,-1,00001100100110,00001100100110,0011110,1
0011110,0,00001100100110,00001100100111,0011110,1
0011110,1,00001100100110,00001100100100,0011110,1
0011110,2,00001100100110,00001100100010,0011110,1
0011110,3,00001100100110,00001100101110,0011110,1
0011110,4,00001100100110,00001100110110,0011110,1
0011110,5,00001100100110,00001100000110,0011110,1
0011110,6,00001100100110,00001101100110,0011110,1
0011110,7,00001100100110,00001110100110,0011110,1
0011110,8,00001100100110,00001000100110,0011110,1
0011110,9,00001100100110,00000100100110,0011110,1
0011110,10,00001100100110,00011100100110,0011110,1
0011110,11,00001100100110,00101100100110,0011110,1
0011110,12,00001100100110,01001100100110,0011110,1
0011110,13,00001100100110,10001100100110,0011110,1
0011111,-1,00001100100101,00001100100101,0011111,1
0011111,0,00001100100101,00001100100100,0011110,0
0011111,1,00001100100101,00001100100111,0011110,0
0011111,2,00001100100101,00001100100001,0011100,0
0011111,3,00001100100101,00001100101101,0011100,0
0011111,4,00001100100101,00001100110101,0011111,1
0011111,5,00001100100101,00001100000101,0011111,1
0011111,6,00001100100101,00001101100101,0011111,1
0011111,7,00001100100101,00001110100101,0011111,1
0011111,8,00001100100101,00001000100101,0011111,1
0011111,9,00001100100101,00000100100101,0011111,1
0011111,10,00001100100101,00011100100101,0011111,1
0011111,11,00001100100101,00101100100101,0011111,1
0011111,12,00001100100101,01001100100101,0011111,1
0011111,13,00001100100101,10001100100101,0011111,1
0100000,-1,00111110110000,00111110110000,0100000,1
0100000,0,00111110110000,00111110110001,0100000,1
0100000,1,00111110110000,00111110110010,0100000,1
0100000,2,00111110110000,00111110110100,0100000,1
0100000,3,00111110110000,00111110111000,0100000,1
0100000,4,00111110110000,00111110100000,0100000,1
0100000,5,00111110110000,00111110010000,0100000,1
0100000,6,00111110110000,00111111110000,0100000,1
0100000,7,00111110110000,00111100110000,0100000,1
0100000,8,00111110110000,00111010110000,0100000,1
0100000,9,00111110110000,00110110110000,0100000,1
0100000,10,00111110110000,00101110110000,0100000,1
0100000,11,00111110110000,00011110110000,0100000,1
0100000,12,00111110110000,01111110110000,0100000,1
0100000,13,00111110110000,10111110110000,0100000,1
0100001,-1,00111110110011,00111110110011,0100001,1
0100001,0,00111110110011,00111110110010,0100000,0
0100001,1,00111110110011,00111110110001,0100000,0
0100001,2,00111110110011,00111110110111,0100010,0
0100001,3,00111110110011,00111110111011,0100010,0
0100001,4,00111110110011,00111110100011,0100001,1
0100001,5,00111110110011,00111110010011,0100001,1
0100001,6,00111110110011,00111111110011,0100001,1
0100001,7,00111110110011,00111100110011,0100001,1
0100001,8,00111110110011,00111010110011,0100001,1
0100001,9,00111110110011,00110110110011,0100001,1
0100001,10,00111110110011,00101110110011,0100001,1
0100001,11,00111110110011,00011110110011,0100001,1
0100001,12,00111110110011,01111110110011,0100001,1
0100001,13,00111110110011,10111110110011,0100001,1
0100010,-1,00111110111111,00111110111111,0100010,1
0100010,0,00111110111111,00111110111110,0100010,1
0100010,1,00111110111111,00111110111101,0100010,1
0100010,2,00111110111111,00111110111011,0100010,1
0100010,3,00111110111111,00111110110111,0100010,1
0100010,4,00111110111111,00111110101111,0100010,1
0100010,5,00111110111111,00111110011111,0100010,1
0100010,6,00111110111111,00111111111111,0100010,1
0100010,7,00111110111111,00111100111111,0100010,1
0100010,8,00111110111111,00111010111111,0100010,1
0100010,9,00111110111111,00110110111111,0100010,1
0100010,10,00111110111111,00101110111111,0100010,1
0100010,11,00111110111111,00011110111111,0100010,1
0100010,12,00111110111111,01111110111111,0100010,1
0100010,13,00111110111111,10111110111111,0100010,1
0100011,-1,00111110111100,00111110111100,0100011,1
0100011,0,00111110111100,00111110111101,0100010,0
0100011,1,00111110111100,00111110111110,0100010,0
0100011,2,00111110111100,00111110111000,0100000,0
0100011,3,00111110111100,00111110110100,0100000,0
0100011,4,00111110111100,00111110101100,0100011,1
0100011,5,00111110111100,00111110011100,0100011,1
0100011,6,00111110111100,00111111111100,0100011,1
0100011,7,00111110111100,00111100111100,0100011,1
0100011,8,00111110111100,00111010111100,0100011,1
0100011,9,00111110111100,00110110111100,0100011,1
0100011,10,00111110111100,00101110111100,0100011,1
0100011,11,00111110111100,00011110111100,0100011,1
0100011,12,00111110111100,01111110111100,0100011,1
0100011,13,00111110111100,10111110111100,0100011,1
0100100,-1,00111110001110,00111110001110,0100100,1
0100100,0,00111110001110,00111110001111,0100100,1
0100100,1,00111110001110,00111110001100,0100100,1
0100100,2,00111110001110,00111110001010,0100100,1
0100100,3,00111110001110,00111110000110,0100100,1
0100100,4,00111110001110,00111110011110,0100100,1
0100100,5,00111110001110,00111110101110,0100100,1
0100100,6,00111110001110,00111111001110,0100100,1
0100100,7,00111110001110,00111100001110,0100100,1
0100100,8,00111110001110,00111010001110,0100100,1
0100100,9,00111110001110,00110110001110,0100100,1
0100100,10,00111110001110,00101110001110,0100100,1
0100100,11,00111110001110,00011110001110,0100100,1
0100100,12,00111110001110,01111110001110,0100100,1
0100100,13,00111110001110,10111110001110,0100100,1
0100101,-1,00111110001101,00111110001101,0100101,1
0100101,0,00111110001101,00111110001100,0100100,0
0100101,1,00111110001101,00111110001111,0100100,0
0100101,2,00111110001101,00111110001001,0100110,0
0100101,3,00111110001101,00111110000101,0100110,0
0100101,4,00111110001101,00111110011101,0100101,1
0100101,5,00111110001101,00111110101101,0100101,1
0100101,6,00111110001101,00111111001101,0100101,1
0100101,7,00111110001101,00111100001101,0100101,1
0100101,8,00111110001101,00111010001101,0100101,1
0100101,9,00111110001101,00110110001101,0100101,1
0100101,10,00111110001101,00101110001101,0100101,1
0100101,11,00111110001101,00011110001101,0100101,1
0100101,12,00111110001101,01111110001101,0100101,1
0100101,13,00111110001101,10111110001101,0100101,1
0100110,-1,00111110000001,00111110000001,0100110,1
0100110,0,00111110000001,00111110000000,0100110,1
0100110,1,00111110000001,00111110000011,0100110,1
0100110,2,00111110000001,00111110000101,0100110,1
0100110,3,00111110000001,00111110001001,0100110,1
0100110,4,00111110000001,00111110010001,0100110,1
0100110,5,00111110000001,00111110100001,0100110,1
0100110,6,00111110000001,00111111000001,0100110,1
0100110,7,00111110000001,00111100000001,0100110,1
0100110,8,00111110000001,00111010000001,0100110,1
0100110,9,00111110000001,00110110000001,0100110,1
0100110,10,00111110000001,00101110000001,0100110,1
0100110,11,00111110000001,00011110000001,0100110,1
0100110,12,00111110000001,01111110000001,0100110,1
0100110,13,00111110000001,10111110000001,0100110,1
0100111,-1,00111110000010,00111110000010,0100111,1
0100111,0,00111110000010,00111110000011,0100110,0
0100111,1,00111110000010,00111110000000,0100110,0
0100111,2,00111110000010,00111110000110,0100100,0
0100111,3,00111110000010,00111110001010,0100100,0
0100111,4,00111110000010,00111110010010,0100111,1
0100111,5,00111110000010,00111110100010,0100111,1
0100111,6,00111110000010,00111111000010,0100111,1
0100111,7,00111110000010,00111100000010,0100111,1
0100111,8,00111110000010,00111010000010,0100111,1
0100111,9,00111110000010,00110110000010,0100111,1
0100111,10,00111110000010,00101110000010,0100111,1
0100111,11,00111110000010,00011110000010,0100111,1
0100111,12,00111110000010,01111110000010,0100111,1
0100111,13,00111110000010,10111110000010,0100111,1
0101000,-1,00111101001011,00111101001011,0101000,1
0101000,0,00111101001011,00111101001010,0101000,1
0101000,1,00111101001011,00111101001001,0101000,1
0101000,2,00111101001011,00111101001111,0101000,1
0101000,3,00111101001011,00111101000011,0101000,1
0101000,4,00111101001011,00111101011011,0101000,1
0101000,5,00111101001011,00111101101011,0101000,1
0101000,6,00111101001011,00111100001011,0101000,1
0101000,7,00111101001011,00111111001011,0101000,1
0101000,8,00111101001011,00111001001011,0101000,1
0101000,9,00111101001011,00110101001011,0101000,1
0101000,10,00111101001011,00101101001011,0101000,1
0101000,11,00111101001011,00011101001011,0101000,1
0101000,12,00111101001011,01111101001011,0101000,1
0101000,13,00111101001011,10111101001011,0101000,1
0101001,-1,00111101001000,00111101001000,0101001,1
0101001,0,00111101001000,00111101001001,0101000,0
0101001,1,00111101001000,00111101001010,0101000,0
0101001,2,00111101001000,00111101001100,0101010,0
0101001,3,00111101001000,00111101000000,0101010,0
0101001,4,00111101001000,00111101011000,0101001,1
0101001,5,00111101001000,00111101101000,0101001,1
0101001,6,00111101001000,00111100001000,0101001,1
0101001,7,00111101001000,00111111001000,0101001,1
0101001,8,00111101001000,00111001001000,0101001,1
0101001,9,00111101001000,00110101001000,0101001,1
0101001,10,00111101001000,00101101001000,0101001,1
0101001,11,00111101001000,00011101001000,0101001,1
0101001,12,00111101001000,01111101001000,0101001,1
0101001,13,00111101001000,10111101001000,0101001,1
0101010,-1,00111101000100,00111101000100,0101010,1
0101010,0,00111101000100,00111101000101,0101010,1
0101010,1,00111101000100,00111101000110,0101010,1
0101010,2,00111101000100,00111101000000,0101010,1
0101010,3,00111101000100,00111101001100,0101010,1
0101010,4,00111101000100,00111101010100,0101010,1
0101010,5,00111101000100,00111101100100,0101010,1
0101010,6,00111101000100,00111100000100,0101010,1
0101010,7,00111101000100,00111111000100,0101010,1
0101010,8,00111101000100,00111001000100,0101010,1
0101010,9,00111101000100,00110101000100,0101010,1
0101010,10,00111101000100,00101101000100,0101010,1
0101010,11,00111101000100,00011101000100,0101010,1
0101010,12,00111101000100,01111101000100,0101010,1
0101010,13,00111101000100,10111101000100,0101010,1
0101011,-1,00111101000111,00111101000111,0101011,1
0101011,0,00111101000111,00111101000110,0101010,0
0101011,1,00111101000111,00111101000101,0101010,0
0101011,2,00111101000111,00111101000011,0101000,0
0101011,3,00111101000111,00111101001111,0101000,0
0101011,4,00111101000111,00111101010111,0101011,1
0101011,5,00111101000111,00111101100111,0101011,1
0101011,6,00111101000111,00111100000111,0101011,1
0101011,7,00111101000111,00111111000111,0101011,1
0101011,8,00111101000111,00111001000111,0101011,1
0101011,9,00111101000111,00110101000111,0101011,1
0101011,10,00111101000111,00101101000111,0101011,1
0101011,11,00111101000111,00011101000111,0101011,1
0101011,12,00111101000111,01111101000111,0101011,1
0101011,13,00111101000111,10111101000111,0101011,1
0101100,-1,00111101110101,00111101110101,0101100,1
0101100,0,00111101110101,00111101110100,0101100,1
0101100,1,00111101110101,00111101110111,0101100,1
0101100,2,00111101110101,00111101110001,0101100,1
0101100,3,00111101110101,00111101111101,0101100,1
0101100,4,00111101110101,00111101100101,0101100,1
0101100,5,00111101110101,00111101010101,0101100,1
0101100,6,00111101110101,00111100110101,0101100,1
0101100,7,00111101110101,00111111110101,0101100,1
0101100,8,00111101110101,00111001110101,0101100,1
0101100,9,00111101110101,00110101110101,0101100,1
0101100,10,00111101110101,00101101110101,0101100,1
0101100,11,00111101110101,00011101110101,0101100,1
0101100,12,00111101110101,01111101110101,0101100,1
0101100,13,00111101110101,10111101110101,0101100,1
0101101,-1,00111101110110,00111101110110,0101101,1
0101101,0,00111101110110,00111101110111,0101100,0
0101101,1,00111101110110,00111101110100,0101100,0
0101101,2,00111101110110,00111101110010,0101110,0
0101101,3,00111101110110,00111101111110,0101110,0
0101101,4,00111101110110,00111101100110,0101101,1
0101101,5,00111101110110,00111101010110,0101101,1
0101101,6,00111101110110,00111100110110,0101101,1
0101101,7,00111101110110,00111111110110,0101101,1
0101101,8,00111101110110,00111001110110,0101101,1
0101101,9,00111101110110,00110101110110,0101101,1
0101101,10,00111101110110,00101101110110,0101101,1
0101101,11,00111101110110,00011101110110,0101101,1
0101101,12,00111101110110,01111101110110,0101101,1
0101101,13,00111101110110,10111101110110,0101101,1
0101110,-1,00111101111010,00111101111010,0101110,1
0101110,0,00111101111010,00111101111011,0101110,1
0101110,1,00111101111010,00111101111000,0101110,1
0101110,2,00111101111010,00111101111110,0101110,1
0101110,3,00111101111010,00111101110010,0101110,1
0101110,4,00111101111010,00111101101010,0101110,1
0101110,5,00111101111010,00111101011010,0101110,1
0101110,6,00111101111010,00111100111010,0101110,1
0101110,7,00111101111010,00111111111010,0101110,1
0101110,8,00111101111010,00111001111010,0101110,1
0101110,9,00111101111010,00110101111010,0101110,1
0101110,10,00111101111010,00101101111010,0101110,1
0101110,11,00111101111010,00011101111010,0101110,1
0101110,12,00111101111010,01111101111010,0101110,1
0101110,13,00111101111010,10111101111010,0101110,1
0101111,-1,00111101111001,00111101111001,0101111,1
0101111,0,00111101111001,00111101111000,0101110,0
0101111,1,00111101111001,00111101111011,0101110,0
0101111,2,00111101111001,00111101111101,0101100,0
0101111,3,00111101111001,00111101110001,0101100,0
0101111,4,00111101111001,00111101101001,0101111,1
0101111,5,00111101111001,00111101011001,0101111,1
0101111,6,00111101111001,00111100111001,0101111,1
0101111,7,00111101111001,00111111111001,0101111,1
0101111,8,00111101111001,00111001111001,0101111,1
0101111,9,00111101111001,00110101111001,0101111,1
0101111,10,00111101111001,00101101111001,0101111,1
0101111,11,00111101111001,00011101111001,0101111,1
0101111,12,00111101111001,01111101111001,0101111,1
0101111,13,00111101111001,10111101111001,0101111,1
0110000,-1,00110001011100,00110001011100,0110000,1
0110000,0,00110001011100,00110001011101,0110000,1
0110000,1,00110001011100,00110001011110,0110000,1
0110000,2,00110001011100,00110001011000,0110000,1
0110000,3,00110001011100,00110001010100,0110000,1
0110000,4,00110001011100,00110001001100,0110000,1
0110000,5,00110001011100,00110001111100,0110000,1
0110000,6,00110001011100,00110000011100,0110000,1
0110000,7,00110001011100,00110011011100,0110000,1
0110000,8,00110001011100,00110101011100,0110000,1
0110000,9,00110001011100,00111001011100,0110000,1
0110000,10,00110001011100,00100001011100,0110000,1
0110000,11,00110001011100,00010001011100,0110000,1
0110000,12,00110001011100,01110001011100,0110000,1
0110000,13,00110001011100,10110001011100,0110000,1
0110001,-1,00110001011111,00110001011111,0110001,1
0110001,0,00110001011111,00110001011110,0110000,0
0110001,1,00110001011111,00110001011101,0110000,0
0110001,2,00110001011111,00110001011011,0110010,0
0110001,3,00110001011111,00110001010111,0110010,0
0110001,4,00110001011111,00110001001111,0110001,1
0110001,5,00110001011111,00110001111111,0110001,1
0110001,6,00110001011111,00110000011111,0110001,1
0110001,7,00110001011111,00110011011111,0110001,1
0110001,8,00110001011111,00110101011111,0110001,1
0110001,9,00110001011111,00111001011111,0110001,1
0110001,10,00110001011111,00100001011111,0110001,1
0110001,11,00110001011111,00010001011111,0110001,1
0110001,12,00110001011111,01110001011111,0110001,1
0110001,13,00110001011111,10110001011111,0110001,1
0110010,-1,00110001010011,00110001010011,0110010,1
0110010,0,00110001010011,00110001010010,0110010,1
0110010,1,00110001010011,00110001010001,0110010,1
0110010,2,00110001010011,00110001010111,0110010,1
0110010,3,00110001010011,00110001011011,0110010,1
0110010,4,00110001010011,00110001000011,0110010,1
0110010,5,00110001010011,00110001110011,0110010,1
0110010,6,00110001010011,00110000010011,0110010,1
0110010,7,00110001010011,00110011010011,0110010,1
0110010,8,00110001010011,00110101010011,0110010,1
0110010,9,00110001010011,00111001010011,0110010,1
0110010,10,00110001010011,00100001010011,0110010,1
0110010,11,00110001010011,00010001010011,0110010,1
0110010,12,00110001010011,01110001010011,0110010,1
0110010,13,00110001010011,10110001010011,0110010,1
0110011,-1,00110001010000,00110001010000,0110011,1
0110011,0,00110001010000,00110001010001,0110010,0
0110011,1,00110001010000,00110001010010,0110010,0
0110011,2,00110001010000,00110001010100,0110000,0
0110011,3,00110001010000,00110001011000,0110000,0
0110011,4,00110001010000,00110001000000,0110011,1
0110011,5,00110001010000,00110001110000,0110011,1
0110011,6,00110001010000,00110000010000,0110011,1
0110011,7,00110001010000,00110011010000,0110011,1
0110011,8,00110001010000,00110101010000,0110011,1
0110011,9,00110001010000,00111001010000,0110011,1
0110011,10,00110001010000,00100001010000,0110011,1
0110011,11,00110001010000,00010001010000,0110011,1
0110011,12,00110001010000,01110001010000,0110011,1
0110011,13,00110001010000,10110001010000,0110011,1
0110100,-1,00110001100010,00110001100010,0110100,1
0110100,0,00110001100010,00110001100011,0110100,1
0110100,1,00110001100010,00110001100000,0110100,1
0110100,2,00110001100010,00110001100110,0110100,1
0110100,3,00110001100010,00110001101010,0110100,1
0110100,4,00110001100010,00110001110010,0110100,1
0110100,5,00110001100010,00110001000010,0110100,1
0110100,6,00110001100010,00110000100010,0110100,1
0110100,7,00110001100010,00110011100010,0110100,1
0110100,8,00110001100010,00110101100010,0110100,1
0110100,9,00110001100010,00111001100010,0110100,1
0110100,10,00110001100010,00100001100010,0110100,1
0110100,11,00110001100010,00010001100010,0110100,1
0110100,12,00110001100010,01110001100010,0110100,1
0110100,13,00110001100010,10110001100010,0110100,1
0110101,-1,00110001100001,00110001100001,0110101,1
0110101,0,00110001100001,00110001100000,0110100,0
0110101,1,00110001100001,00110001100011,0110100,0
0110101,2,00110001100001,00110001100101,0110110,0
0110101,3,00110001100001,00110001101001,0110110,0
0110101,4,00110001100001,00110001110001,0110101,1
0110101,5,00110001100001,00110001000001,0110101,1
0110101,6,00110001100001,00110000100001,0110101,1
0110101,7,00110001100001,00110011100001,0110101,1
0110101,8,00110001100001,00110101100001,0110101,1
0110101,9,00110001100001,00111001100001,0110101,1
0110101,10,00110001100001,00100001100001,0110101,1
0110101,11,00110001100001,00010001100001,0110101,1
0110101,12,00110001100001,01110001100001,0110101,1
0110101,13,00110001100001,10110001100001,0110101,1
0110110,-1,00110001101101,00110001101101,0110110,1
0110110,0,00110001101101,00110001101100,0110110,1
0110110,1,00110001101101,00110001101111,0110110,1
0110110,2,00110001101101,00110001101001,0110110,1
0110110,3,00110001101101,00110001100101,0110110,1
0110110,4,00110001101101,00110001111101,0110110,1
0110110,5,00110001101101,00110001001101,0110110,1
0110110,6,00110001101101,00110000101101,0110110,1
0110110,7,00110001101101,00110011101101,0110110,1
0110110,8,00110001101101,00110101101101,0110110,1
0110110,9,00110001101101,00111001101101,0110110,1
0110110,10,00110001101101,00100001101101,0110110,1
0110110,11,00110001101101,00010001101101,0110110,1
0110110,12,00110001101101,01110001101101,0110110,1
0110110,13,00110001101101,10110001101101,0110110,1
0110111,-1,00110001101110,00110001101110,0110111,1
0110111,0,00110001101110,00110001101111,0110110,0
0110111,1,00110001101110,00110001101100,0110110,0
0110111,2,00110001101110,00110001101010,0110100,0
0110111,3,00110001101110,00110001100110,0110100,0
0110111,4,00110001101110,00110001111110,0110111,1
0110111,5,00110001101110,00110001001110,0110111,1
0110111,6,00110001101110,00110000101110,0110111,1
0110111,7,00110001101110,00110011101110,0110111,1
0110111,8,00110001101110,00110101101110,0110111,1
0110111,9,00110001101110,00111001101110,0110111,1
0110111,10,00110001101110,00100001101110,0110111,1
0110111,11,00110001101110,00010001101110,0110111,1
0110111,12,00110001101110,01110001101110,0110111,1
0110111,13,00110001101110,10110001101110,0110111,1
0111000,-1,00110010100111,00110010100111,0111000,1
0111000,0,00110010100111,00110010100110,0111000,1
0111000,1,00110010100111,00110010100101,0111000,1
0111000,2,00110010100111,00110010100011,0111000,1
0111000,3,00110010100111,00110010101111,0111000,1
0111000,4,00110010100111,00110010110111,0111000,1
0111000,5,00110010100111,00110010000111,0111000,1
0111000,6,00110010100111,00110011100111,0111000,1
0111000,7,00110010100111,00110000100111,0111000,1
0111000,8,00110010100111,00110110100111,0111000,1
0111000,9,00110010100111,00111010100111,0111000,1
0111000,10,00110010100111,00100010100111,0111000,1
0111000,11,00110010100111,00010010100111,0111000,1
0111000,12,00110010100111,01110010100111,0111000,1
0111000,13,00110010100111,10110010100111,0111000,1
0111001,-1,00110010100100,00110010100100,0111001,1
0111001,0,00110010100100,00110010100101,0111000,0
0111001,1,00110010100100,00110010100110,0111000,0
0111001,2,00110010100100,00110010100000,0111010,0
0111001,3,00110010100100,00110010101100,0111010,0
0111001,4,00110010100100,00110010110100,0111001,1
0111001,5,00110010100100,00110010000100,0111001,1
0111001,6,00110010100100,00110011100100,0111001,1
0111001,7,00110010100100,00110000100100,0111001,1
0111001,8,00110010100100,00110110100100,0111001,1
0111001,9,00110010100100,00111010100100,0111001,1
0111001,10,00110010100100,00100010100100,0111001,1
0111001,11,00110010100100,00010010100100,0111001,1
0111001,12,00110010100100,01110010100100,0111001,1
0111001,13,00110010100100,10110010100100,0111001,1
0111010,-1,00110010101000,00110010101000,0111010,1
0111010,0,00110010101000,00110010101001,0111010,1
0111010,1,00110010101000,00110010101010,0111010,1
0111010,2,00110010101000,00110010101100,0111010,1
0111010,3,00110010101000,00110010100000,0111010,1
0111010,4,00110010101000,00110010111000,0111010,1
0111010,5,00110010101000,00110010001000,0111010,1
0111010,6,00110010101000,00110011101000,0111010,1
0111010,7,00110010101000,00110000101000,0111010,1
0111010,8,00110010101000,00110110101000,0111010,1
0111010,9,00110010101000,00111010101000,0111010,1
0111010,10,00110010101000,00100010101000,0111010,1
0111010,11,00110010101000,00010010101000,0111010,1
0111010,12,00110010101000,01110010101000,0111010,1
0111010,13,00110010101000,10110010101000,0111010,1
0111011,-1,00110010101011,00110010101011,0111011,1
0111011,0,00110010101011,00110010101010,0111010,0
0111011,1,00110010101011,00110010101001,0111010,0
0111011,2,00110010101011,00110010101111,0111000,0
0111011,3,00110010101011,00110010100011,0111000,0
0111011,4,00110010101011,00110010111011,0111011,1
0111011,5,00110010101011,00110010001011,0111011,1
0111011,6,00110010101011,00110011101011,0111011,1
0111011,7,00110010101011,00110000101011,0111011,1
0111011,8,00110010101011,00110110101011,0111011,1
0111011,9,00110010101011,00111010101011,0111011,1
0111011,10,00110010101011,00100010101011,0111011,1
0111011,11,00110010101011,00010010101011,0111011,1
0111011,12,00110010101011,01110010101011,0111011,1
0111011,13,00110010101011,10110010101011,0111011,1
0111100,-1,00110010011001,00110010011001,0111100,1
0111100,0,00110010011001,00110010011000,0111100,1
0111100,1,00110010011001,00110010011011,0111100,1
0111100,2,00110010011001,00110010011101,0111100,1
0111100,3,00110010011001,00110010010001,0111100,1
0111100,4,00110010011001,00110010001001,0111100,1
0111100,5,00110010011001,00110010111001,0111100,1
0111100,6,00110010011001,00110011011001,0111100,1
0111100,7,00110010011001,00110000011001,0111100,1
0111100,8,00110010011001,00110110011001,0111100,1
0111100,9,00110010011001,00111010011001,0111100,1
0111100,10,00110010011001,00100010011001,0111100,1
0111100,11,00110010011001,00010010011001,0111100,1
0111100,12,00110010011001,01110010011001,0111100,1
0111100,13,00110010011001,10110010011001,0111100,1
0111101,-1,00110010011010,00110010011010,0111101,1
0111101,0,00110010011010,00110010011011,0111100,0
0111101,1,00110010011010,00110010011000,0111100,0
0111101,2,00110010011010,00110010011110,0111110,0
0111101,3,00110010011010,00110010010010,0111110,0
0111101,4,00110010011010,00110010001010,0111101,1
0111101,5,00110010011010,00110010111010,0111101,1
0111101,6,00110010011010,00110011011010,0111101,1
0111101,7,00110010011010,00110000011010,0111101,1
0111101,8,00110010011010,00110110011010,0111101,1
0111101,9,00110010011010,00111010011010,0111101,1
0111101,10,00110010011010,00100010011010,0111101,1
0111101,11,00110010011010,00010010011010,0111101,1
0111101,12,00110010011010,01110010011010,0111101,1
0111101,13,00110010011010,10110010011010,0111101,1
0111110,-1,00110010010110,00110010010110,0111110,1
0111110,0,00110010010110,00110010010111,0111110,1
0111110,1,00110010010110,00110010010100,0111110,1
0111110,2,00110010010110,00110010010010,0111110,1
0111110,3,00110010010110,00110010011110,0111110,1
0111110,4,00110010010110,00110010000110,0111110,1
0111110,5,00110010010110,00110010110110,0111110,1
0111110,6,00110010010110,00110011010110,0111110,1
0111110,7,00110010010110,00110000010110,0111110,1
0111110,8,00110010010110,00110110010110,0111110,1
0111110,9,00110010010110,00111010010110,0111110,1
0111110,10,00110010010110,00100010010110,0111110,1
0111110,11,00110010010110,00010010010110,0111110,1
0111110,12,00110010010110,01110010010110,0111110,1
0111110,13,00110010010110,10110010010110,0111110,1
0111111,-1,00110010010101,00110010010101,0111111,1
0111111,0,00110010010101,00110010010100,0111110,0
0111111,1,00110010010101,00110010010111,0111110,0
0111111,2,00110010010101,00110010010001,0111100,0
0111111,3,00110010010101,00110010011101,0111100,0
0111111,4,00110010010101,00110010000101,0111111,1
0111111,5,00110010010101,00110010110101,0111111,1
0111111,6,00110010010101,00110011010101,0111111,1
0111111,7,00110010010101,00110000010101,0111111,1
0111111,8,00110010010101,00110110010101,0111111,1
0111111,9,00110010010101,00111010010101,0111111,1
0111111,10,00110010010101,00100010010101,0111111,1
0111111,11,00110010010101,00010010010101,0111111,1
0111111,12,00110010010101,01110010010101,0111111,1
0111111,13,00110010010101,10110010010101,0111111,1
1000000,-1,11111011000000,11111011000000,1000000,1
1000000,0,11111011000000,11111011000001,1000000,1
1000000,1,11111011000000,11111011000010,1000000,1
1000000,2,11111011000000,11111011000100,1000000,1
1000000,3,11111011000000,11111011001000,1000000,1
1000000,4,11111011000000,11111011010000,1000000,1
1000000,5,11111011000000,11111011100000,1000000,1
1000000,6,11111011000000,11111010000000,1000000,1
1000000,7,11111011000000,11111001000000,1000000,1
1000000,8,11111011000000,11111111000000,1000000,1
1000000,9,11111011000000,11110011000000,1000000,1
1000000,10,11111011000000,11101011000000,1000000,1
1000000,11,11111011000000,11011011000000,1000000,1
1000000,12,11111011000000,10111011000000,1000000,1
1000000,13,11111011000000,01111011000000,1000000,1
1000001,-1,11111011000011,11111011000011,1000001,1
1000001,0,11111011000011,11111011000010,1000000,0
1000001,1,11111011000011,11111011000001,1000000,0
1000001,2,11111011000011,11111011000111,1000010,0
1000001,3,11111011000011,11111011001011,1000010,0
1000001,4,11111011000011,11111011010011,1000001,1
1000001,5,11111011000011,11111011100011,1000001,1
1000001,6,11111011000011,11111010000011,1000001,1
1000001,7,11111011000011,11111001000011,1000001,1
1000001,8,11111011000011,11111111000011,1000001,1
1000001,9,11111011000011,11110011000011,1000001,1
1000001,10,11111011000011,11101011000011,1000001,1
1000001,11,11111011000011,11011011000011,1000001,1
1000001,12,11111011000011,10111011000011,1000001,1
1000001,13,11111011000011,01111011000011,1000001,1
1000010,-1,11111011001111,11111011001111,1000010,1
1000010,0,11111011001111,11111011001110,1000010,1
1000010,1,11111011001111,11111011001101,1000010,1
1000010,2,11111011001111,11111011001011,1000010,1
1000010,3,11111011001111,11111011000111,1000010,1
1000010,4,11111011001111,11111011011111,1000010,1
1000010,5,11111011001111,11111011101111,1000010,1
1000010,6,11111011001111,11111010001111,1000010,1
1000010,7,11111011001111,11111001001111,1000010,1
1000010,8,11111011001111,11111111001111,1000010,1
1000010,9,11111011001111,11110011001111,1000010,1
1000010,10,11111011001111,11101011001111,1000010,1
1000010,11,11111011001111,11011011001111,1000010,1
1000010,12,11111011001111,10111011001111,1000010,1
1000010,13,11111011001111,01111011001111,1000010,1
1000011,-1,11111011001100,11111011001100,1000011,1
1000011,0,11111011001100,11111011001101,1000010,0
1000011,1,11111011001100,11111011001110,1000010,0
1000011,2,11111011001100,11111011001000,1000000,0
1000011,3,11111011001100,11111011000100,1000000,0
1000011,4,11111011001100,11111011011100,1000011,1
1000011,5,11111011001100,11111011101100,1000011,1
1000011,6,11111011001100,11111010001100,1000011,1
1000011,7,11111011001100,11111001001100,1000011,1
1000011,8,11111011001100,11111111001100,1000011,1
1000011,9,11111011001100,11110011001100,1000011,1
1000011,10,11111011001100,11101011001100,1000011,1
1000011,11,11111011001100,11011011001100,1000011,1
1000011,12,11111011001100,10111011001100,1000011,1
1000011,13,11111011001100,01111011001100,1000011,1
1000100,-1,11111011111110,11111011111110,1000100,1
1000100,0,11111011111110,11111011111111,1000100,1
1000100,1,11111011111110,11111011111100,1000100,1
1000100,2,11111011111110,11111011111010,1000100,1
1000100,3,11111011111110,11111011110110,1000100,1
1000100,4,11111011111110,11111011101110,1000100,1
1000100,5,11111011111110,11111011011110,1000100,1
1000100,6,11111011111110,11111010111110,1000100,1
1000100,7,11111011111110,11111001111110,1000100,1
1000100,8,11111011111110,11111111111110,1000100,1
1000100,9,11111011111110,11110011111110,1000100,1
1000100,10,11111011111110,11101011111110,1000100,1
1000100,11,11111011111110,11011011111110,1000100,1
1000100,12,11111011111110,10111011111110,1000100,1
1000100,13,11111011111110,01111011111110,1000100,1
1000101,-1,11111011111101,11111011111101,1000101,1
1000101,0,11111011111101,11111011111100,1000100,0
1000101,1,11111011111101,11111011111111,1000100,0
1000101,2,11111011111101,11111011111001,1000110,0
1000101,3,11111011111101,11111011110101,1000110,0
1000101,4,11111011111101,11111011101101,1000101,1
1000101,5,11111011111101,11111011011101,1000101,1
1000101,6,11111011111101,11111010111101,1000101,1
1000101,7,11111011111101,11111001111101,1000101,1
1000101,8,11111011111101,11111111111101,1000101,1
1000101,9,11111011111101,11110011111101,1000101,1
1000101,10,11111011111101,11101011111101,1000101,1
1000101,11,11111011111101,11011011111101,1000101,1
1000101,12,11111011111101,10111011111101,1000101,1
1000101,13,11111011111101,01111011111101,1000101,1
1000110,-1,11111011110001,11111011110001,1000110,1
1000110,0,11111011110001,11111011110000,1000110,1
1000110,1,11111011110001,11111011110011,1000110,1
1000110,2,11111011110001,11111011110101,1000110,1
1000110,3,11111011110001,11111011111001,1000110,1
1000110,4,11111011110001,11111011100001,1000110,1
1000110,5,11111011110001,11111011010001,1000110,1
1000110,6,11111011110001,11111010110001,1000110,1
1000110,7,11111011110001,11111001110001,1000110,1
1000110,8,11111011110001,11111111110001,1000110,1
1000110,9,11111011110001,11110011110001,1000110,1
1000110,10,11111011110001,11101011110001,1000110,1
1000110,11,11111011110001,11011011110001,1000110,1
1000110,12,11111011110001,10111011110001,1000110,1
1000110,13,11111011110001,01111011110001,1000110,1
1000111,-1,11111011110010,11111011110010,1000111,1
1000111,0,11111011110010,11111011110011,1000110,0
1000111,1,11111011110010,11111011110000,1000110,0
1000111,2,11111011110010,11111011110110,1000100,0
1000111,3,11111011110010,11111011111010,1000100,0
1000111,4,11111011110010,11111011100010,1000111,1
1000111,5,11111011110010,11111011010010,1000111,1
1000111,6,11111011110010,11111010110010,1000111,1
1000111,7,11111011110010,11111001110010,1000111,1
1000111,8,11111011110010,11111111110010,1000111,1
1000111,9,11111011110010,11110011110010,1000111,1
1000111,10,11111011110010,11101011110010,1000111,1
1000111,11,11111011110010,11011011110010,1000111,1
1000111,12,11111011110010,10111011110010,1000111,1
1000111,13,11111011110010,01111011110010,1000111,1
1001000,-1,11111000111011,11111000111011,1001000,1
1001000,0,11111000111011,11111000111010,1001000,1
1001000,1,11111000111011,11111000111001,1001000,1
1001000,2,11111000111011,11111000111111,1001000,1
1001000,3,11111000111011,11111000110011,1001000,1
1001000,4,11111000111011,11111000101011,1001000,1
1001000,5,11111000111011,11111000011011,1001000,1
1001000,6,11111000111011,11111001111011,1001000,1
1001000,7,11111000111011,11111010111011,1001000,1
1001000,8,11111000111011,11111100111011,1001000,1
1001000,9,11111000111011,11110000111011,1001000,1
1001000,10,11111000111011,11101000111011,1001000,1
1001000,11,11111000111011,11011000111011,1001000,1
1001000,12,11111000111011,10111000111011,1001000,1
1001000,13,11111000111011,01111000111011,1001000,1
1001001,-1,11111000111000,11111000111000,1001001,1
1001001,0,11111000111000,11111000111001,1001000,0
1001001,1,11111000111000,11111000111010,1001000,0
1001001,2,11111000111000,11111000111100,1001010,0
1001001,3,11111000111000,11111000110000,1001010,0
1001001,4,11111000111000,11111000101000,1001001,1
1001001,5,11111000111000,11111000011000,1001001,1
1001001,6,11111000111000,11111001111000,1001001,1
1001001,7,11111000111000,11111010111000,1001001,1
1001001,8,11111000111000,11111100111000,1001001,1
1001001,9,11111000111000,11110000111000,1001001,1
1001001,10,11111000111000,11101000111000,1001001,1
1001001,11,11111000111000,11011000111000,1001001,1
1001001,12,11111000111000,10111000111000,1001001,1
1001001,13,11111000111000,01111000111000,1001001,1
1001010,-1,11111000110100,11111000110100,1001010,1
1001010,0,11111000110100,11111000110101,1001010,1
1001010,1,11111000110100,11111000110110,1001010,1
1001010,2,11111000110100,11111000110000,1001010,1
1001010,3,11111000110100,11111000111100,1001010,1
1001010,4,11111000110100,11111000100100,1001010,1
1001010,5,11111000110100,11111000010100,1001010,1
1001010,6,11111000110100,11111001110100,1001010,1
1001010,7,11111000110100,11111010110100,1001010,1
1001010,8,11111000110100,11111100110100,1001010,1
1001010,9,11111000110100,11110000110100,1001010,1
1001010,10,11111000110100,11101000110100,1001010,1
1001010,11,11111000110100,11011000110100,1001010,1
1001010,12,11111000110100,10111000110100,1001010,1
1001010,13,11111000110100,01111000110100,1001010,1
1001011,-1,11111000110111,11111000110111,1001011,1
1001011,0,11111000110111,11111000110110,1001010,0
1001011,1,11111000110111,11111000110101,1001010,0
1001011,2,11111000110111,11111000110011,1001000,0
1001011,3,11111000110111,11111000111111,1001000,0
1001011,4,11111000110111,11111000100111,1001011,1
1001011,5,11111000110111,11111000010111,1001011,1
1001011,6,11111000110111,11111001110111,1001011,1
1001011,7,11111000110111,11111010110111,1001011,1
1001011,8,11111000110111,11111100110111,1001011,1
1001011,9,11111000110111,11110000110111,1001011,1
1001011,10,11111000110111,11101000110111,1001011,1
1001011,11,11111000110111,11011000110111,1001011,1
1001011,12,11111000110111,10111000110111,1001011,1
1001011,13,11111000110111,01111000110111,1001011,1
1001100,-1,11111000000101,11111000000101,1001100,1
1001100,0,11111000000101,11111000000100,1001100,1
1001100,1,11111000000101,11111000000111,1001100,1
1001100,2,11111000000101,11111000000001,1001100,1
1001100,3,11111000000101,11111000001101,1001100,1
1001100,4,11111000000101,11111000010101,1001100,1
1001100,5,11111000000101,11111000100101,1001100,1
1001100,6,11111000000101,11111001000101,1001100,1
1001100,7,11111000000101,11111010000101,1001100,1
1001100,8,11111000000101,11111100000101,1001100,1
1001100,9,11111000000101,11110000000101,1001100,1
1001100,10,11111000000101,11101000000101,1001100,1
1001100,11,11111000000101,11011000000101,1001100,1
1001100,12,11111000000101,10111000000101,1001100,1
1001100,13,11111000000101,01111000000101,1001100,1
1001101,-1,11111000000110,11111000000110,1001101,1
1001101,0,11111000000110,11111000000111,1001100,0
1001101,1,11111000000110,11111000000100,1001100,0
1001101,2,11111000000110,11111000000010,1001110,0
1001101,3,11111000000110,11111000001110,1001110,0
1001101,4,11111000000110,11111000010110,1001101,1
1001101,5,11111000000110,11111000100110,1001101,1
1001101,6,11111000000110,11111001000110,1001101,1
1001101,7,11111000000110,11111010000110,1001101,1
1001101,8,11111000000110,11111100000110,1001101,1
1001101,9,11111000000110,11110000000110,1001101,1
1001101,10,11111000000110,11101000000110,1001101,1
1001101,11,11111000000110,11011000000110,1001101,1
1001101,12,11111000000110,10111000000110,1001101,1
1001101,13,11111000000110,01111000000110,1001101,1
1001110,-1,11111000001010,11111000001010,1001110,1
1001110,0,11111000001010,11111000001011,1001110,1
1001110,1,11111000001010,11111000001000,1001110,1
1001110,2,11111000001010,11111000001110,1001110,1
1001110,3,11111000001010,11111000000010,1001110,1
1001110,4,11111000001010,11111000011010,1001110,1
1001110,5,11111000001010,11111000101010,1001110,1
1001110,6,11111000001010,11111001001010,1001110,1
1001110,7,11111000001010,11111010001010,1001110,1
1001110,8,11111000001010,11111100001010,1001110,1
1001110,9,11111000001010,11110000001010,1001110,1
1001110,10,11111000001010,11101000001010,1001110,1
1001110,11,11111000001010,11011000001010,1001110,1
1001110,12,11111000001010,10111000001010,1001110,1
1001110,13,11111000001010,01111000001010,1001110,1
1001111,-1,11111000001001,11111000001001,1001111,1
1001111,0,11111000001001,11111000001000,1001110,0
1001111,1,11111000001001,11111000001011,1001110,0
1001111,2,11111000001001,11111000001101,1001100,0
1001111,3,11111000001001,11111000000001,1001100,0
1001111,4,11111000001001,11111000011001,1001111,1
1001111,5,11111000001001,11111000101001,1001111,1
1001111,6,11111000001001,11111001001001,1001111,1
1001111,7,11111000001001,11111010001001,1001111,1
1001111,8,11111000001001,11111100001001,1001111,1
1001111,9,11111000001001,11110000001001,1001111,1
1001111,10,11111000001001,11101000001001,1001111,1
1001111,11,11111000001001,11011000001001,1001111,1
1001111,12,11111000001001,10111000001001,1001111,1
1001111,13,11111000001001,01111000001001,1001111,1
1010000,-1,11110100101100,11110100101100,1010000,1
1010000,0,11110100101100,11110100101101,1010000,1
1010000,1,11110100101100,11110100101110,1010000,1
1010000,2,11110100101100,11110100101000,1010000,1
1010000,3,11110100101100,11110100100100,1010000,1
1010000,4,11110100101100,11110100111100,1010000,1
1010000,5,11110100101100,11110100001100,1010000,1
1010000,6,11110100101100,11110101101100,1010000,1
1010000,7,11110100101100,11110110101100,1010000,1
1010000,8,11110100101100,11110000101100,1010000,1
1010000,9,11110100101100,11111100101100,1010000,1
1010000,10,11110100101100,11100100101100,1010000,1
1010000,11,11110100101100,11010100101100,1010000,1
1010000,12,11110100101100,10110100101100,1010000,1
1010000,13,11110100101100,01110100101100,1010000,1
1010001,-1,11110100101111,11110100101111,1010001,1
1010001,0,11110100101111,11110100101110,1010000,0
1010001,1,11110100101111,11110100101101,1010000,0
1010001,2,11110100101111,11110100101011,1010010,0
1010001,3,11110100101111,11110100100111,1010010,0
1010001,4,11110100101111,11110100111111,1010001,1
1010001,5,11110100101111,11110100001111,1010001,1
1010001,6,11110100101111,11110101101111,1010001,1
1010001,7,11110100101111,11110110101111,1010001,1
1010001,8,11110100101111,11110000101111,1010001,1
1010001,9,11110100101111,11111100101111,1010001,1
1010001,10,11110100101111,11100100101111,1010001,1
1010001,11,11110100101111,11010100101111,1010001,1
1010001,12,11110100101111,10110100101111,1010001,1
1010001,13,11110100101111,01110100101111,1010001,1
1010010,-1,11110100100011,11110100100011,1010010,1
1010010,0,11110100100011,11110100100010,1010010,1
1010010,1,11110100100011,11110100100001,1010010,1
1010010,2,11110100100011,11110100100111,1010010,1
1010010,3,11110100100011,11110100101011,1010010,1
1010010,4,11110100100011,11110100110011,1010010,1
1010010,5,11110100100011,11110100000011,1010010,1
1010010,6,11110100100011,11110101100011,1010010,1
1010010,7,11110100100011,11110110100011,1010010,1
1010010,8,11110100100011,11110000100011,1010010,1
1010010,9,11110100100011,11111100100011,1010010,1
1010010,10,11110100100011,11100100100011,1010010,1
1010010,11,11110100100011,11010100100011,1010010,1
1010010,12,11110100100011,10110100100011,1010010,1
1010010,13,11110100100011,01110100100011,1010010,1
1010011,-1,11110100100000,11110100100000,1010011,1
1010011,0,11110100100000,11110100100001,1010010,0
1010011,1,11110100100000,11110100100010,1010010,0
1010011,2,11110100100000,11110100100100,1010000,0
1010011,3,11110100100000,11110100101000,1010000,0
1010011,4,11110100100000,11110100110000,1010011,1
1010011,5,11110100100000,11110100000000,1010011,1
1010011,6,11110100100000,11110101100000,1010011,1
1010011,7,11110100100000,11110110100000,1010011,1
1010011,8,11110100100000,11110000100000,1010011,1
1010011,9,11110100100000,11111100100000,1010011,1
1010011,10,11110100100000,11100100100000,1010011,1
1010011,11,11110100100000,11010100100000,1010011,1
1010011,12,11110100100000,10110100100000,1010011,1
1010011,13,11110100100000,01110100100000,1010011,1
1010100,-1,11110100010010,11110100010010,1010100,1
1010100,0,11110100010010,11110100010011,1010100,1
1010100,1,11110100010010,11110100010000,1010100,1
1010100,2,11110100010010,11110100010110,1010100,1
1010100,3,11110100010010,11110100011010,1010100,1
1010100,4,11110100010010,11110100000010,1010100,1
1010100,5,11110100010010,11110100110010,1010100,1
1010100,6,11110100010010,11110101010010,1010100,1
1010100,7,11110100010010,11110110010010,1010100,1
1010100,8,11110100010010,11110000010010,1010100,1
1010100,9,11110100010010,11111100010010,1010100,1
1010100,10,11110100010010,11100100010010,1010100,1
1010100,11,11110100010010,11010100010010,1010100,1
1010100,12,11110100010010,10110100010010,1010100,1
1010100,13,11110100010010,01110100010010,1010100,1
1010101,-1,11110100010001,11110100010001,1010101,1
1010101,0,11110100010001,11110100010000,1010100,0
1010101,1,11110100010001,11110100010011,1010100,0
1010101,2,11110100010001,11110100010101,1010110,0
1010101,3,11110100010001,11110100011001,1010110,0
1010101,4,11110100010001,11110100000001,1010101,1
1010101,5,11110100010001,11110100110001,1010101,1
1010101,6,11110100010001,11110101010001,1010101,1
1010101,7,11110100010001,11110110010001,1010101,1
1010101,8,11110100010001,11110000010001,1010101,1
1010101,9,11110100010001,11111100010001,1010101,1
1010101,10,11110100010001,11100100010001,1010101,1
1010101,11,11110100010001,11010100010001,1010101,1
1010101,12,11110100010001,10110100010001,1010101,1
1010101,13,11110100010001,01110100010001,1010101,1
1010110,-1,11110100011101,11110100011101,1010110,1
1010110,0,11110100011101,11110100011100,1010110,1
1010110,1,11110100011101,11110100011111,1010110,1
1010110,2,11110100011101,11110100011001,1010110,1
1010110,3,11110100011101,11110100010101,1010110,1
1010110,4,11110100011101,11110100001101,1010110,1
1010110,5,11110100011101,11110100111101,1010110,1
1010110,6,11110100011101,11110101011101,1010110,1
1010110,7,11110100011101,11110110011101,1010110,1
1010110,8,11110100011101,11110000011101,1010110,1
1010110,9,11110100011101,11111100011101,1010110,1
1010110,10,11110100011101,11100100011101,1010110,1
1010110,11,11110100011101,11010100011101,1010110,1
1010110,12,11110100011101,10110100011101,1010110,1
1010110,13,11110100011101,01110100011101,1010110,1
1010111,-1,11110100011110,11110100011110,1010111,1
1010111,0,11110100011110,11110100011111,1010110,0
1010111,1,11110100011110,11110100011100,1010110,0
1010111,2,11110100011110,11110100011010,1010100,0
1010111,3,11110100011110,11110100010110,1010100,0
1010111,4,11110100011110,11110100001110,1010111,1
1010111,5,11110100011110,11110100111110,1010111,1
1010111,6,11110100011110,11110101011110,1010111,1
1010111,7,11110100011110,11110110011110,1010111,1
1010111,8,11110100011110,11110000011110,1010111,1
1010111,9,11110100011110,11111100011110,1010111,1
1010111,10,11110100011110,11100100011110,1010111,1
1010111,11,11110100011110,11010100011110,1010111,1
1010111,12,11110100011110,10110100011110,1010111,1
1010111,13,11110100011110,01110100011110,1010111,1
1011000,-1,11110111010111,11110111010111,1011000,1
1011000,0,11110111010111,11110111010110,1011000,1
1011000,1,11110111010111,11110111010101,1011000,1
1011000,2,11110111010111,11110111010011,1011000,1
1011000,3,11110111010111,11110111011111,1011000,1
1011000,4,11110111010111,11110111000111,1011000,1
1011000,5,11110111010111,11110111110111,1011000,1
1011000,6,11110111010111,11110110010111,1011000,1
1011000,7,11110111010111,11110101010111,1011000,1
1011000,8,11110111010111,11110011010111,1011000,1
1011000,9,11110111010111,11111111010111,1011000,1
1011000,10,11110111010111,11100111010111,1011000,1
1011000,11,11110111010111,11010111010111,1011000,1
1011000,12,11110111010111,10110111010111,1011000,1
1011000,13,11110111010111,01110111010111,1011000,1
1011001,-1,11110111010100,11110111010100,1011001,1
1011001,0,11110111010100,11110111010101,1011000,0
1011001,1,11110111010100,11110111010110,1011000,0
1011001,2,11110111010100,11110111010000,1011010,0
1011001,3,11110111010100,11110111011100,1011010,0
1011001,4,11110111010100,11110111000100,1011001,1
1011001,5,11110111010100,11110111110100,1011001,1
1011001,6,11110111010100,11110110010100,1011001,1
1011001,7,11110111010100,11110101010100,1011001,1
1011001,8,11110111010100,11110011010100,1011001,1
1011001,9,11110111010100,11111111010100,1011001,1
1011001,10,11110111010100,11100111010100,1011001,1
1011001,11,11110111010100,11010111010100,1011001,1
1011001,12,11110111010100,10110111010100,1011001,1
1011001,13,11110111010100,01110111010100,1011001,1
1011010,-1,11110111011000,11110111011000,1011010,1
1011010,0,11110111011000,11110111011001,1011010,1
1011010,1,11110111011000,11110111011010,1011010,1
1011010,2,11110111011000,11110111011100,1011010,1
1011010,3,11110111011000,11110111010000,1011010,1
1011010,4,11110111011000,11110111001000,1011010,1
1011010,5,11110111011000,11110111111000,1011010,1
1011010,6,11110111011000,11110110011000,1011010,1
1011010,7,11110111011000,11110101011000,1011010,1
1011010,8,11110111011000,11110011011000,1011010,1
1011010,9,11110111011000,11111111011000,1011010,1
1011010,10,11110111011000,11100111011000,1011010,1
1011010,11,11110111011000,11010111011000,1011010,1
1011010,12,11110111011000,10110111011000,1011010,1
1011010,13,11110111011000,01110111011000,1011010,1
1011011,-1,11110111011011,11110111011011,1011011,1
1011011,0,11110111011011,11110111011010,1011010,0
1011011,1,11110111011011,11110111011001,1011010,0
1011011,2,11110111011011,11110111011111,1011000,0
1011011,3,11110111011011,11110111010011,1011000,0
1011011,4,11110111011011,11110111001011,1011011,1
1011011,5,11110111011011,11110111111011,1011011,1
1011011,6,11110111011011,11110110011011,1011011,1
1011011,7,11110111011011,11110101011011,1011011,1
1011011,8,11110111011011,11110011011011,1011011,1
1011011,9,11110111011011,11111111011011,1011011,1
1011011,10,11110111011011,11100111011011,1011011,1
1011011,11,11110111011011,11010111011011,1011011,1
1011011,12,11110111011011,10110111011011,1011011,1
1011011,13,11110111011011,01110111011011,1011011,1
1011100,-1,11110111101001,11110111101001,1011100,1
1011100,0,11110111101001,11110111101000,1011100,1
1011100,1,11110111101001,11110111101011,1011100,1
1011100,2,11110111101001,11110111101101,1011100,1
1011100,3,11110111101001,11110111100001,1011100,1
1011100,4,11110111101001,11110111111001,1011100,1
1011100,5,11110111101001,11110111001001,1011100,1
1011100,6,11110111101001,11110110101001,1011100,1
1011100,7,11110111101001,11110101101001,1011100,1
1011100,8,11110111101001,11110011101001,1011100,1
1011100,9,11110111101001,11111111101001,1011100,1
1011100,10,11110111101001,11100111101001,1011100,1
1011100,11,11110111101001,11010111101001,1011100,1
1011100,12,11110111101001,10110111101001,1011100,1
1011100,13,11110111101001,01110111101001,1011100,1
1011101,-1,11110111101010,11110111101010,1011101,1
1011101,0,11110111101010,11110111101011,1011100,0
1011101,1,11110111101010,11110111101000,1011100,0
1011101,2,11110111101010,11110111101110,1011110,0
1011101,3,11110111101010,11110111100010,1011110,0
1011101,4,11110111101010,11110111111010,1011101,1
1011101,5,11110111101010,11110111001010,1011101,1
1011101,6,11110111101010,11110110101010,1011101,1
1011101,7,11110111101010,11110101101010,1011101,1
1011101,8,11110111101010,11110011101010,1011101,1
1011101,9,11110111101010,11111111101010,1011101,1
1011101,10,11110111101010,11100111101010,1011101,1
1011101,11,11110111101010,11010111101010,1011101,1
1011101,12,11110111101010,10110111101010,1011101,1
1011101,13,11110111101010,01110111101010,1011101,1
1011110,-1,11110111100110,11110111100110,1011110,1
1011110,0,11110111100110,11110111100111,1011110,1
1011110,1,11110111100110,11110111100100,1011110,1
1011110,2,11110111100110,11110111100010,1011110,1
1011110,3,11110111100110,11110111101110,1011110,1
1011110,4,11110111100110,11110111110110,1011110,1
1011110,5,11110111100110,11110111000110,1011110,1
1011110,6,11110111100110,11110110100110,1011110,1
1011110,7,11110111100110,11110101100110,1011110,1
1011110,8,11110111100110,11110011100110,1011110,1
1011110,9,11110111100110,11111111100110,1011110,1
1011110,10,11110111100110,11100111100110,1011110,1
1011110,11,11110111100110,11010111100110,1011110,1
1011110,12,11110111100110,10110111100110,1011110,1
1011110,13,11110111100110,01110111100110,1011110,1
1011111,-1,11110111100101,11110111100101,1011111,1
1011111,0,11110111100101,11110111100100,1011110,0
1011111,1,11110111100101,11110111100111,1011110,0
1011111,2,11110111100101,11110111100001,1011100,0
1011111,3,11110111100101,11110111101101,1011100,0
1011111,4,11110111100101,11110111110101,1011111,1
1011111,5,11110111100101,11110111000101,1011111,1
1011111,6,11110111100101,11110110100101,1011111,1
1011111,7,11110111100101,11110101100101,1011111,1
1011111,8,11110111100101,11110011100101,1011111,1
1011111,9,11110111100101,11111111100101,1011111,1
1011111,10,11110111100101,11100111100101,1011111,1
1011111,11,11110111100101,11010111100101,1011111,1
1011111,12,11110111100101,10110111100101,1011111,1
1011111,13,11110111100101,01110111100101,1011111,1
1100000,-1,11000101110000,11000101110000,1100000,1
1100000,0,11000101110000,11000101110001,1100000,1
1100000,1,11000101110000,11000101110010,1100000,1
1100000,2,11000101110000,11000101110100,1100000,1
1100000,3,11000101110000,11000101111000,1100000,1
1100000,4,11000101110000,11000101100000,1100000,1
1100000,5,11000101110000,11000101010000,1100000,1
1100000,6,11000101110000,11000100110000,1100000,1
1100000,7,11000101110000,11000111110000,1100000,1
1100000,8,11000101110000,11000001110000,1100000,1
1100000,9,11000101110000,11001101110000,1100000,1
1100000,10,11000101110000,11010101110000,1100000,1
1100000,11,11000101110000,11100101110000,1100000,1
1100000,12,11000101110000,10000101110000,1100000,1
1100000,13,11000101110000,01000101110000,1100000,1
1100001,-1,11000101110011,11000101110011,1100001,1
1100001,0,11000101110011,11000101110010,1100000,0
1100001,1,11000101110011,11000101110001,1100000,0
1100001,2,11000101110011,11000101110111,1100010,0
1100001,3,11000101110011,11000101111011,1100010,0
1100001,4,11000101110011,11000101100011,1100001,1
1100001,5,11000101110011,11000101010011,1100001,1
1100001,6,11000101110011,11000100110011,1100001,1
1100001,7,11000101110011,11000111110011,1100001,1
1100001,8,11000101110011,11000001110011,1100001,1
1100001,9,11000101110011,11001101110011,1100001,1
1100001,10,11000101110011,11010101110011,1100001,1
1100001,11,11000101110011,11100101110011,1100001,1
1100001,12,11000101110011,10000101110011,1100001,1
1100001,13,11000101110011,01000101110011,1100001,1
1100010,-1,11000101111111,11000101111111,1100010,1
1100010,0,11000101111111,11000101111110,1100010,1
1100010,1,11000101111111,11000101111101,1100010,1
1100010,2,11000101111111,11000101111011,1100010,1
1100010,3,11000101111111,11000101110111,1100010,1
1100010,4,11000101111111,11000101101111,1100010,1
1100010,5,11000101111111,11000101011111,1100010,1
1100010,6,11000101111111,11000100111111,1100010,1
1100010,7,11000101111111,11000111111111,1100010,1
1100010,8,11000101111111,11000001111111,1100010,1
1100010,9,11000101111111,11001101111111,1100010,1
1100010,10,11000101111111,11010101111111,1100010,1
1100010,11,11000101111111,11100101111111,1100010,1
1100010,12,11000101111111,10000101111111,1100010,1
1100010,13,11000101111111,01000101111111,1100010,1
1100011,-1,11000101111100,11000101111100,1100011,1
1100011,0,11000101111100,11000101111101,1100010,0
1100011,1,11000101111100,11000101111110,1100010,0
1100011,2,11000101111100,11000101111000,1100000,0
1100011,3,11000101111100,11000101110100,1100000,0
1100011,4,11000101111100,11000101101100,1100011,1
1100011,5,11000101111100,11000101011100,1100011,1
1100011,6,11000101111100,11000100111100,1100011,1
1100011,7,11000101111100,11000111111100,1100011,1
1100011,8,11000101111100,11000001111100,1100011,1
1100011,9,11000101111100,11001101111100,1100011,1
1100011,10,11000101111100,11010101111100,1100011,1
1100011,11,11000101111100,11100101111100,1100011,1
1100011,12,11000101111100,10000101111100,1100011,1
1100011,13,11000101111100,01000101111100,1100011,1
1100100,-1,11000101001110,11000101001110,1100100,1
1100100,0,11000101001110,11000101001111,1100100,1
1100100,1,11000101001110,11000101001100,1100100,1
1100100,2,11000101001110,11000101001010,1100100,1
1100100,3,11000101001110,11000101000110,1100100,1
1100100,4,11000101001110,11000101011110,1100100,1
1100100,5,11000101001110,11000101101110,1100100,1
1100100,6,11000101001110,11000100001110,1100100,1
1100100,7,11000101001110,11000111001110,1100100,1
1100100,8,11000101001110,11000001001110,1100100,1
1100100,9,11000101001110,11001101001110,1100100,1
1100100,10,11000101001110,11010101001110,1100100,1
1100100,11,11000101001110,11100101001110,1100100,1
1100100,12,11000101001110,10000101001110,1100100,1
1100100,13,11000101001110,01000101001110,1100100,1
1100101,-1,11000101001101,11000101001101,1100101,1
1100101,0,11000101001101,11000101001100,1100100,0
1100101,1,11000101001101,11000101001111,1100100,0
1100101,2,11000101001101,11000101001001,1100110,0
1100101,3,11000101001101,11000101000101,1100110,0
1100101,4,11000101001101,11000101011101,1100101,1
1100101,5,11000101001101,11000101101101,1100101,1
1100101,6,11000101001101,11000100001101,1100101,1
1100101,7,11000101001101,11000111001101,1100101,1
1100101,8,11000101001101,11000001001101,1100101,1
1100101,9,11000101001101,11001101001101,1100101,1
1100101,10,11000101001101,11010101001101,1100101,1
1100101,11,11000101001101,11100101001101,1100101,1
1100101,12,11000101001101,10000101001101,1100101,1
1100101,13,11000101001101,01000101001101,1100101,1
1100110,-1,11000101000001,11000101000001,1100110,1
1100110,0,11000101000001,11000101000000,1100110,1
1100110,1,11000101000001,11000101000011,1100110,1
1100110,2,11000101000001,11000101000101,1100110,1
1100110,3,11000101000001,11000101001001,1100110,1
1100110,4,11000101000001,11000101010001,1100110,1
1100110,5,11000101000001,11000101100001,1100110,1
1100110,6,11000101000001,11000100000001,1100110,1
1100110,7,11000101000001,11000111000001,1100110,1
1100110,8,11000101000001,11000001000001,1100110,1
1100110,9,11000101000001,11001101000001,1100110,1
1100110,10,11000101000001,11010101000001,1100110,1
1100110,11,11000101000001,11100101000001,1100110,1
1100110,12,11000101000001,10000101000001,1100110,1
1100110,13,11000101000001,01000101000001,1100110,1
1100111,-1,11000101000010,11000101000010,1100111,1
1100111,0,11000101000010,11000101000011,1100110,0
1100111,1,11000101000010,11000101000000,1100110,0
1100111,2,11000101000010,11000101000110,1100100,0
1100111,3,11000101000010,11000101001010,1100100,0
1100111,4,11000101000010,11000101010010,1100111,1
1100111,5,11000101000010,11000101100010,1100111,1
1100111,6,11000101000010,11000100000010,1100111,1
1100111,7,11000101000010,11000111000010,1100111,1
1100111,8,11000101000010,11000001000010,1100111,1
1100111,9,11000101000010,11001101000010,1100111,1
1100111,10,11000101000010,11010101000010,1100111,1
1100111,11,11000101000010,11100101000010,1100111,1
1100111,12,11000101000010,10000101000010,1100111,1
1100111,13,11000101000010,01000101000010,1100111,1
1101000,-1,11000110001011,11000110001011,1101000,1
1101000,0,11000110001011,11000110001010,1101000,1
1101000,1,11000110001011,11000110001001,1101000,1
1101000,2,11000110001011,11000110001111,1101000,1
1101000,3,11000110001011,11000110000011,1101000,1
1101000,4,11000110001011,11000110011011,1101000,1
1101000,5,11000110001011,11000110101011,1101000,1
1101000,6,11000110001011,11000111001011,1101000,1
1101000,7,11000110001011,11000100001011,1101000,1
1101000,8,11000110001011,11000010001011,1101000,1
1101000,9,11000110001011,11001110001011,1101000,1
1101000,10,11000110001011,11010110001011,1101000,1
1101000,11,11000110001011,11100110001011,1101000,1
1101000,12,11000110001011,10000110001011,1101000,1
1101000,13,11000110001011,01000110001011,1101000,1
1101001,-1,11000110001000,11000110001000,1101001,1
1101001,0,11000110001000,11000110001001,1101000,0
1101001,1,11000110001000,11000110001010,1101000,0
1101001,2,11000110001000,11000110001100,1101010,0
1101001,3,11000110001000,11000110000000,1101010,0
1101001,4,11000110001000,11000110011000,1101001,1
1101001,5,11000110001000,11000110101000,1101001,1
1101001,6,11000110001000,11000111001000,1101001,1
1101001,7,11000110001000,11000100001000,1101001,1
1101001,8,11000110001000,11000010001000,1101001,1
1101001,9,11000110001000,11001110001000,1101001,1
1101001,10,11000110001000,11010110001000,1101001,1
1101001,11,11000110001000,11100110001000,1101001,1
1101001,12,11000110001000,10000110001000,1101001,1
1101001,13,11000110001000,01000110001000,1101001,1
1101010,-1,11000110000100,11000110000100,1101010,1
1101010,0,11000110000100,11000110000101,1101010,1
1101010,1,11000110000100,11000110000110,1101010,1
1101010,2,11000110000100,11000110000000,1101010,1
1101010,3,11000110000100,11000110001100,1101010,1
1101010,4,11000110000100,11000110010100,1101010,1
1101010,5,11000110000100,11000110100100,1101010,1
1101010,6,11000110000100,11000111000100,1101010,1
1101010,7,11000110000100,11000100000100,1101010,1
1101010,8,11000110000100,11000010000100,1101010,1
1101010,9,11000110000100,11001110000100,1101010,1
1101010,10,11000110000100,11010110000100,1101010,1
1101010,11,11000110000100,11100110000100,1101010,1
1101010,12,11000110000100,10000110000100,1101010,1
1101010,13,11000110000100,01000110000100,1101010,1
1101011,-1,11000110000111,11000110000111,1101011,1
1101011,0,11000110000111,11000110000110,1101010,0
1101011,1,11000110000111,11000110000101,1101010,0
1101011,2,11000110000111,11000110000011,1101000,0
1101011,3,11000110000111,11000110001111,1101000,0
1101011,4,11000110000111,11000110010111,1101011,1
1101011,5,11000110000111,11000110100111,1101011,1
1101011,6,11000110000111,11000111000111,1101011,1
1101011,7,11000110000111,11000100000111,1101011,1
1101011,8,11000110000111,11000010000111,1101011,1
1101011,9,11000110000111,11001110000111,1101011,1
1101011,10,11000110000111,11010110000111,1101011,1
1101011,11,11000110000111,11100110000111,1101011,1
1101011,12,11000110000111,10000110000111,1101011,1
1101011,13,11000110000111,01000110000111,1101011,1
1101100,-1,11000110110101,11000110110101,1101100,1
1101100,0,11000110110101,11000110110100,1101100,1
1101100,1,11000110110101,11000110110111,1101100,1
1101100,2,11000110110101,11000110110001,1101100,1
1101100,3,11000110110101,11000110111101,1101100,1
1101100,4,11000110110101,11000110100101,1101100,1
1101100,5,11000110110101,11000110010101,1101100,1
1101100,6,11000110110101,11000111110101,1101100,1
1101100,7,11000110110101,11000100110101,1101100,1
1101100,8,11000110110101,11000010110101,1101100,1
1101100,9,11000110110101,11001110110101,1101100,1
1101100,10,11000110110101,11010110110101,1101100,1
1101100,11,11000110110101,11100110110101,1101100,1
1101100,12,11000110110101,10000110110101,1101100,1
1101100,13,11000110110101,01000110110101,1101100,1
1101101,-1,11000110110110,11000110110110,1101101,1
1101101,0,11000110110110,11000110110111,1101100,0
1101101,1,11000110110110,11000110110100,1101100,0
1101101,2,11000110110110,11000110110010,1101110,0
1101101,3,11000110110110,11000110111110,1101110,0
1101101,4,11000110110110,11000110100110,1101101,1
1101101,5,11000110110110,11000110010110,1101101,1
1101101,6,11000110110110,11000111110110,1101101,1
1101101,7,11000110110110,11000100110110,1101101,1
1101101,8,11000110110110,11000010110110,1101101,1
1101101,9,11000110110110,11001110110110,1101101,1
1101101,10,11000110110110,11010110110110,1101101,1
1101101,11,11000110110110,11100110110110,1101101,1
1101101,12,11000110110110,10000110110110,1101101,1
1101101,13,11000110110110,01000110110110,1101101,1
1101110,-1,11000110111010,11000110111010,1101110,1
1101110,0,11000110111010,11000110111011,1101110,1
1101110,1,11000110111010,11000110111000,1101110,1
1101110,2,11000110111010,11000110111110,1101110,1
1101110,3,11000110111010,11000110110010,1101110,1
1101110,4,11000110111010,11000110101010,1101110,1
1101110,5,11000110111010,11000110011010,1101110,1
1101110,6,11000110111010,11000111111010,1101110,1
1101110,7,11000110111010,11000100111010,1101110,1
1101110,8,11000110111010,11000010111010,1101110,1
1101110,9,11000110111010,11001110111010,1101110,1
1101110,10,11000110111010,11010110111010,1101110,1
1101110,11,11000110111010,11100110111010,1101110,1
1101110,12,11000110111010,10000110111010,1101110,1
1101110,13,11000110111010,01000110111010,1101110,1
1101111,-1,11000110111001,11000110111001,1101111,1
1101111,0,11000110111001,11000110111000,1101110,0
1101111,1,11000110111001,11000110111011,1101110,0
1101111,2,11000110111001,11000110111101,1101100,0
1101111,3,11000110111001,11000110110001,1101100,0
1101111,4,11000110111001,11000110101001,1101111,1
1101111,5,11000110111001,11000110011001,1101111,1
1101111,6,11000110111001,11000111111001,1101111,1
1101111,7,11000110111001,11000100111001,1101111,1
1101111,8,11000110111001,11000010111001,1101111,1
1101111,9,11000110111001,11001110111001,1101111,1
1101111,10,11000110111001,11010110111001,1101111,1
1101111,11,11000110111001,11100110111001,1101111,1
1101111,12,11000110111001,10000110111001,1101111,1
1101111,13,11000110111001,01000110111001,1101111,1
1110000,-1,11001010011100,11001010011100,1110000,1
1110000,0,11001010011100,11001010011101,1110000,1
1110000,1,11001010011100,11001010011110,1110000,1
1110000,2,11001010011100,11001010011000,1110000,1
1110000,3,11001010011100,11001010010100,1110000,1
1110000,4,11001010011100,11001010001100,1110000,1
1110000,5,11001010011100,11001010111100,1110000,1
1110000,6,11001010011100,11001011011100,1110000,1
1110000,7,11001010011100,11001000011100,1110000,1
1110000,8,11001010011100,11001110011100,1110000,1
1110000,9,11001010011100,11000010011100,1110000,1
1110000,10,11001010011100,11011010011100,1110000,1
1110000,11,11001010011100,11101010011100,1110000,1
1110000,12,11001010011100,10001010011100,1110000,1
1110000,13,11001010011100,01001010011100,1110000,1
1110001,-1,11001010011111,11001010011111,1110001,1
1110001,0,11001010011111,11001010011110,1110000,0
1110001,1,11001010011111,11001010011101,1110000,0
1110001,2,11001010011111,11001010011011,1110010,0
1110001,3,11001010011111,11001010010111,1110010,0
1110001,4,11001010011111,11001010001111,1110001,1
1110001,5,11001010011111,11001010111111,1110001,1
1110001,6,11001010011111,11001011011111,1110001,1
1110001,7,11001010011111,11001000011111,1110001,1
1110001,8,11001010011111,11001110011111,1110001,1
1110001,9,11001010011111,11000010011111,1110001,1
1110001,10,11001010011111,11011010011111,1110001,1
1110001,11,11001010011111,11101010011111,1110001,1
1110001,12,11001010011111,10001010011111,1110001,1
1110001,13,11001010011111,01001010011111,1110001,1
1110010,-1,11001010010011,11001010010011,1110010,1
1110010,0,11001010010011,11001010010010,1110010,1
1110010,1,11001010010011,11001010010001,1110010,1
1110010,2,11001010010011,11001010010111,1110010,1
1110010,3,11001010010011,11001010011011,1110010,1
1110010,4,11001010010011,11001010000011,1110010,1
1110010,5,11001010010011,11001010110011,1110010,1
1110010,6,11001010010011,11001011010011,1110010,1
1110010,7,11001010010011,11001000010011,1110010,1
1110010,8,11001010010011,11001110010011,1110010,1
1110010,9,11001010010011,11000010010011,1110010,1
1110010,10,11001010010011,11011010010011,1110010,1
1110010,11,11001010010011,11101010010011,1110010,1
1110010,12,11001010010011,10001010010011,1110010,1
1110010,13,11001010010011,01001010010011,1110010,1
1110011,-1,11001010010000,11001010010000,1110011,1
1110011,0,11001010010000,11001010010001,1110010,0
1110011,1,11001010010000,11001010010010,1110010,0
1110011,2,11001010010000,11001010010100,1110000,0
1110011,3,11001010010000,11001010011000,1110000,0
1110011,4,11001010010000,11001010000000,1110011,1
1110011,5,11001010010000,11001010110000,1110011,1
1110011,6,11001010010000,11001011010000,1110011,1
1110011,7,11001010010000,11001000010000,1110011,1
1110011,8,11001010010000,11001110010000,1110011,1
1110011,9,11001010010000,11000010010000,1110011,1
1110011,10,11001010010000,11011010010000,1110011,1
1110011,11,11001010010000,11101010010000,1110011,1
1110011,12,11001010010000,10001010010000,1110011,1
1110011,13,11001010010000,01001010010000,1110011,1
1110100,-1,11001010100010,11001010100010,1110100,1
1110100,0,11001010100010,11001010100011,1110100,1
1110100,1,11001010100010,11001010100000,1110100,1
1110100,2,11001010100010,11001010100110,1110100,1
1110100,3,11001010100010,11001010101010,1110100,1
1110100,4,11001010100010,11001010110010,1110100,1
1110100,5,11001010100010,11001010000010,1110100,1
1110100,6,11001010100010,11001011100010,1110100,1
1110100,7,11001010100010,11001000100010,1110100,1
1110100,8,11001010100010,11001110100010,1110100,1
1110100,9,11001010100010,11000010100010,1110100,1
1110100,10,11001010100010,11011010100010,1110100,1
1110100,11,11001010100010,11101010100010,1110100,1
1110100,12,11001010100010,10001010100010,1110100,1
1110100,13,11001010100010,01001010100010,1110100,1
1110101,-1,11001010100001,11001010100001,1110101,1
1110101,0,11001010100001,11001010100000,1110100,0
1110101,1,11001010100001,11001010100011,1110100,0
1110101,2,11001010100001,11001010100101,1110110,0
1110101,3,11001010100001,11001010101001,1110110,0
1110101,4,11001010100001,11001010110001,1110101,1
1110101,5,11001010100001,11001010000001,1110101,1
1110101,6,11001010100001,11001011100001,1110101,1
1110101,7,11001010100001,11001000100001,1110101,1
1110101,8,11001010100001,11001110100001,1110101,1
1110101,9,11001010100001,11000010100001,1110101,1
1110101,10,11001010100001,11011010100001,1110101,1
1110101,11,11001010100001,11101010100001,1110101,1
1110101,12,11001010100001,10001010100001,1110101,1
1110101,13,11001010100001,01001010100001,1110101,1
1110110,-1,11001010101101,11001010101101,1110110,1
1110110,0,11001010101101,11001010101100,1110110,1
1110110,1,11001010101101,11001010101111,1110110,1
1110110,2,11001010101101,11001010101001,1110110,1
1110110,3,11001010101101,11001010100101,1110110,1
1110110,4,11001010101101,11001010111101,1110110,1
1110110,5,11001010101101,11001010001101,1110110,1
1110110,6,11001010101101,11001011101101,1110110,1
1110110,7,11001010101101,11001000101101,1110110,1
1110110,8,11001010101101,11001110101101,1110110,1
1110110,9,11001010101101,11000010101101,1110110,1
1110110,10,11001010101101,11011010101101,1110110,1
1110110,11,11001010101101,11101010101101,1110110,1
1110110,12,11001010101101,10001010101101,1110110,1
1110110,13,11001010101101,01001010101101,1110110,1
1110111,-1,11001010101110,11001010101110,1110111,1
1110111,0,11001010101110,11001010101111,1110110,0
1110111,1,11001010101110,11001010101100,1110110,0
1110111,2,11001010101110,11001010101010,1110100,0
1110111,3,11001010101110,11001010100110,1110100,0
1110111,4,11001010101110,11001010111110,1110111,1
1110111,5,11001010101110,11001010001110,1110111,1
1110111,6,11001010101110,11001011101110,1110111,1
1110111,7,11001010101110,11001000101110,1110111,1
1110111,8,11001010101110,11001110101110,1110111,1
1110111,9,11001010101110,11000010101110,1110111,1
1110111,10,11001010101110,11011010101110,1110111,1
1110111,11,11001010101110,11101010101110,1110111,1
1110111,12,11001010101110,10001010101110,1110111,1
1110111,13,11001010101110,01001010101110,1110111,1
1111000,-1,11001001100111,11001001100111,1111000,1
1111000,0,11001001100111,11001001100110,1111000,1
1111000,1,11001001100111,11001001100101,1111000,1
1111000,2,11001001100111,11001001100011,1111000,1
1111000,3,11001001100111,11001001101111,1111000,1
1111000,4,11001001100111,11001001110111,1111000,1
1111000,5,11001001100111,11001001000111,1111000,1
1111000,6,11001001100111,11001000100111,1111000,1
1111000,7,11001001100111,11001011100111,1111000,1
1111000,8,11001001100111,11001101100111,1111000,1
1111000,9,11001001100111,11000001100111,1111000,1
1111000,10,11001001100111,11011001100111,1111000,1
1111000,11,11001001100111,11101001100111,1111000,1
1111000,12,11001001100111,10001001100111,1111000,1
1111000,13,11001001100111,01001001100111,1111000,1
1111001,-1,11001001100100,11001001100100,1111001,1
1111001,0,11001001100100,11001001100101,1111000,0
1111001,1,11001001100100,11001001100110,1111000,0
1111001,2,11001001100100,11001001100000,1111010,0
1111001,3,11001001100100,11001001101100,1111010,0
1111001,4,11001001100100,11001001110100,1111001,1
1111001,5,11001001100100,11001001000100,1111001,1
1111001,6,11001001100100,11001000100100,1111001,1
1111001,7,11001001100100,11001011100100,1111001,1
1111001,8,11001001100100,11001101100100,1111001,1
1111001,9,11001001100100,11000001100100,1111001,1
1111001,10,11001001100100,11011001100100,1111001,1
1111001,11,11001001100100,11101001100100,1111001,1
1111001,12,11001001100100,10001001100100,1111001,1
1111001,13,11001001100100,01001001100100,1111001,1
1111010,-1,11001001101000,11001001101000,1111010,1
1111010,0,11001001101000,11001001101001,1111010,1
1111010,1,11001001101000,11001001101010,1111010,1
1111010,2,11001001101000,11001001101100,1111010,1
1111010,3,11001001101000,11001001100000,1111010,1
1111010,4,11001001101000,11001001111000,1111010,1
1111010,5,11001001101000,11001001001000,1111010,1
1111010,6,11001001101000,11001000101000,1111010,1
1111010,7,11001001101000,11001011101000,1111010,1
1111010,8,11001001101000,11001101101000,1111010,1
1111010,9,11001001101000,11000001101000,1111010,1
1111010,10,11001001101000,11011001101000,1111010,1
1111010,11,11001001101000,11101001101000,1111010,1
1111010,12,11001001101000,10001001101000,1111010,1
1111010,13,11001001101000,01001001101000,1111010,1
1111011,-1,11001001101011,11001001101011,1111011,1
1111011,0,11001001101011,11001001101010,1111010,0
1111011,1,11001001101011,11001001101001,1111010,0
1111011,2,11001001101011,11001001101111,1111000,0
1111011,3,11001001101011,11001001100011,1111000,0
1111011,4,11001001101011,11001001111011,1111011,1
1111011,5,11001001101011,11001001001011,1111011,1
1111011,6,11001001101011,11001000101011,1111011,1
1111011,7,11001001101011,11001011101011,1111011,1
1111011,8,11001001101011,11001101101011,1111011,1
1111011,9,11001001101011,11000001101011,1111011,1
1111011,10,11001001101011,11011001101011,1111011,1
1111011,11,11001001101011,11101001101011,1111011,1
1111011,12,11001001101011,10001001101011,1111011,1
1111011,13,11001001101011,01001001101011,1111011,1
1111100,-1,11001001011001,11001001011001,1111100,1
1111100,0,11001001011001,11001001011000,1111100,1
1111100,1,11001001011001,11001001011011,1111100,1
1111100,2,11001001011001,11001001011101,1111100,1
1111100,3,11001001011001,11001001010001,1111100,1
1111100,4,11001001011001,11001001001001,1111100,1
1111100,5,11001001011001,11001001111001,1111100,1
1111100,6,11001001011001,11001000011001,1111100,1
1111100,7,11001001011001,11001011011001,1111100,1
1111100,8,11001001011001,11001101011001,1111100,1
1111100,9,11001001011001,11000001011001,1111100,1
1111100,10,11001001011001,11011001011001,1111100,1
1111100,11,11001001011001,11101001011001,1111100,1
1111100,12,11001001011001,10001001011001,1111100,1
1111100,13,11001001011001,01001001011001,1111100,1
1111101,-1,11001001011010,11001001011010,1111101,1
1111101,0,11001001011010,11001001011011,1111100,0
1111101,1,11001001011010,11001001011000,1111100,0
1111101,2,11001001011010,11001001011110,1111110,0
1111101,3,11001001011010,11001001010010,1111110,0
1111101,4,11001001011010,11001001001010,1111101,1
1111101,5,11001001011010,11001001111010,1111101,1
1111101,6,11001001011010,11001000011010,1111101,1
1111101,7,11001001011010,11001011011010,1111101,1
1111101,8,11001001011010,11001101011010,1111101,1
1111101,9,11001001011010,11000001011010,1111101,1
1111101,10,11001001011010,11011001011010,1111101,1
1111101,11,11001001011010,11101001011010,1111101,1
1111101,12,11001001011010,10001001011010,1111101,1
1111101,13,11001001011010,01001001011010,1111101,1
1111110,-1,11001001010110,11001001010110,1111110,1
1111110,0,11001001010110,11001001010111,1111110,1
1111110,1,11001001010110,11001001010100,1111110,1
1111110,2,11001001010110,11001001010010,1111110,1
1111110,3,11001001010110,11001001011110,1111110,1
1111110,4,11001001010110,11001001000110,1111110,1
1111110,5,11001001010110,11001001110110,1111110,1
1111110,6,11001001010110,11001000010110,1111110,1
1111110,7,11001001010110,11001011010110,1111110,1
1111110,8,11001001010110,11001101010110,1111110,1
1111110,9,11001001010110,11000001010110,1111110,1
1111110,10,11001001010110,11011001010110,1111110,1
1111110,11,11001001010110,11101001010110,1111110,1
1111110,12,11001001010110,10001001010110,1111110,1
1111110,13,11001001010110,01001001010110,1111110,1
1111111,-1,11001001010101,11001001010101,1111111,1
1111111,0,11001001010101,11001001010100,1111110,0
1111111,1,11001001010101,11001001010111,1111110,0
1111111,2,11001001010101,11001001010001,1111100,0
1111111,3,11001001010101,11001001011101,1111100,0
1111111,4,11001001010101,11001001000101,1111111,1
1111111,5,11001001010101,11001001110101,1111111,1
1111111,6,11001001010101,11001000010101,1111111,1
1111111,7,11001001010101,11001011010101,1111111,1
1111111,8,11001001010101,11001101010101,1111111,1
1111111,9,11001001010101,11000001010101,1111111,1
1111111,10,11001001010101,11011001010101,1111111,1
1111111,11,11001001010101,11101001010101,1111111,1
1111111,12,11001001010101,10001001010101,1111111,1
1111111,13,11001001010101,01001001010101,1111111,1
